Sam-G1,Sam-G2,Sam-G3,Sam-G4,Sam-G5,Sam-G6,Sam-G7,Will-G1,Will-G2,Will-G3,Will-G4,Will-G5,Will-G6,Will-G7,Will-G8,Will-G9,Sam-G8,Sam-G9,Sam-G10,Sam-G11,Sam-G12,Sam-G13,Sam-G14,Sam-G15,Sam-G16,Sam-G17,Sam-G18,Sam-G19,Sam-G20,Sam-G21,Sam-G22,Sam-G23,Sam-G24,Rachel-G1,Rachel-G2,Rachel-G3,Rachel-G4,Rachel-G5,Rachel-G6,Rachel-G7,Rachel-G8,Rachel-G9,Rachel-G10,Rachel-G11,Rachel-G12,Rachel-G13,Will-G10,Will-G11,Will-G12,Will-G13,Will-G14,Will-G15,Will-G16,Will-G17,Will-G18,Will-G19,Will-G20,Will-G21,Will-G22,Will-G23,Will-G24,Will-G25,Will-G26,Will-G27,Rachel-G14,Rachel-G15,Rachel-G16,Rachel-G17,Rachel-G18,Rachel-G19,Rachel-G20,Rachel-G21,Rachel-G22,Rachel-G23,Rachel-G24,Rachel-G25,Rachel-G26,Rachel-G27,Rachel-G28,Rachel-G29,Rachel-G30,Sam-G25,Sam-G26,Sam-G27,Sam-G28,Sam-G29,Sam-G30,Rachel-G31,Rachel-G32,Rachel-G33,Rachel-G34,Rachel-G35,Rachel-G36,Will-G28,Will-G29,Will-G30,Will-G31,Will-G32,Will-G33,Sam-G31,Sam-G32,Sam-G33,Sam-G34,Sam-G35,Sam-G36,Will-G33,Will-G34,Will-G35,Will-G36,Will-G37,Will-G38,Rachel-G37,Rachel-G38,Rachel-G39,Rachel-G40,Rachel-G41,Rachel-G42,Rachel-G43
mages,runt,chit,TIER,water,rote,SOAR,cane,BLUNT,SANDS,rant,MAIMS,jetter,loaf,QUIET,FRET,main,MODE,mares,bend,meed,trades,rate,GIST,soot,fore,pare,wise,SEERS,toon,green,LEAD,tore,hilt,TREADS,clans,GROAN,stir,teen,reef,pass,pone,rule,TALE,peen,solos,land,doler,hands,mend,want,WRITE,SIGHT,tall,weed,CHEER,MOAT,wane,DOTE,cages,ROLE,tice,tree,wise,READ,nine,scam,REND,dolt,lice,heat,head,mole,sharts,sluts,RENTS,WIFE,rates,PEEN,gore,PITA,LENS,grad,near,dane,SNOT,drone,trees,late,pump,SIEGE,spine,test,sane,dink,SPEAR,slew,HERE,pent,HIDE,shag,rate,dent,SPELT,pass,DIODE,late,PUPA,tend,LITE,pass,SEEN,grad,greet,teen,TOXIN,slew,strong
GIMPS,TURN,quits,TRIER,late,hone,loony,face,bliss,SANE,pong,stirs,DALE,mole,quite,greed,maid,mead,hares,REND,deft,TEND,late,THEE,cadet,fort,SPAM,home,teed,gone,gangs,tree,rone,hate,BRAT,rant,ROAN,trims,thee,pore,spam,hone,TALL,WALE,one,loss,laid,doler,SAME,mender,rase,RITE,LIGHT,palls,seed,core,TERM,RANG,DOTER,cager,tooled,TACT,teed,BEHEAD,queer,niner,scag,GREED,tool,CLEATS,wise,teat,molar,hearts,sender,wants,LEARNS,seat,peed,pore,rope,slow,FORD,RANT,sane,SORE,gone,TITHE,LATEx,route,scam,pine,pest,stow,donk,pear,fine,hear,stone,reed,loans,late,sage,LIRE,SPEAR,deer,HATE,rote,FEND,lites,steps,flow,feed,tear,teal,lower,LAND,TONG
piss,NEWT,quotes,wire,later,zone,sale,FACET,fuss,DANE,tome,snits,HOLD,more,time,reeds,tale,load,ARES,mend,sheen,horse,teat,seat,HOTELS,more,spare,SWAT,steers,goner,SEER,treed,sSNOT,RENT,STOUT,ranted,fill,tents,VEAL,prom,mass,HOPE,TAINT,late,pent,LOSER,main,moles,rares,send,TASE,neat,SLIGHT,TELL,heed,gore,PERM,anger,note,wages,RETOOLED,STATE,danes,heat,queen,wane,wages,REED,tooled,stone,swam,wile,dole,shares,sender,test,tale,feat,teen,goons,TROPE,flow,donk,RENT,saner,SORES,teen,TITHED,LATTE,gimp,SCAG,spine,pass,leases,grad,sperry,finer,hearer,tone,teed,TEET,later,mage,sine,PEAR,here,tents,dote,FENDED,VILES,rates,GLEANS,NEED,RARE,tone,rear,SAND,SONG
pisses,went,care,wirer,rate,pent,SOLE,CELT,BLED,berws,fill,SINE,REIN,prom,mice,HOST,real,MOTEL,BEAM,MENDER,heeds,want,wear,feat,DOTE,pope,nine,swam,stead,done,HANGS,tread,snotted,list,stout,hands,flit,mitts,VEIL,prole,masses,PEON,tainter,later,peet,toon,maid,dote,mares,sender,TASED,feat,SAFE,DELL,mitt,gGONGS,PATIO,BENIN,NOTER,wager,tooler,states,DEER,meat,steed,waner,cages,tear,tooler,conty,head,HEART,doler,baster,SEMEN,tester,rise,heat,SALT,TIGER,MIFF,lines,reed,pent,line,tore,steep,HATE,loans,lamp,TEEN,tiles,steps,leased,DATE,parry,thins,there,TORT,HEEDER,NEAT,date,MEND,THRONES,sped,cede,STENT,ROAD,FRIEND,toils,stare,leans,teer,RARER,dent,pear,nails,fast
pass,plw,snare,tire,rater,tare,LOOSE,VAUNT,beers,SABRE,till,RESINS,dole,prile,CITE,THOSE,LIED,dote,beamers,seam,shed,wanter,FLAT,sail,scad,pare,niner,THEM,STEADY,tone,cahnge,real,SOTTED,lice,TILED,teads,PORN,mittens,load,role,passes,leat,PAINT,real,crate,saws,RATING,doter,hares,lend,RATE,SAIL,feet,teen,reft,HOPE,mope,bing,GOON,change,retooler,stated,RUSE,sweat,sted,roars,WEAN,tent,dole,lone,mead,wheat,DOME,master,stags,hester,riser,feet,SALTY,PEONS,lplait,lined,teed,pant,liners,hare,peat,HATED,EATEN,plate,TENT,ROILS,sped,leads,DARED,SPAR,mine,tear,gone,rite,SNAG,dater,case,hones,pest,heed,hangs,TOAD,FRIENDED,toilet,stares,tends,TEEN,HEAR,then,tartar,slain,fasten
passed,pales,RACING,tirer,treat,TARRED,LOOSER,HAUNT,beets,beads,film,PENIS,JEER,chafe,CITED,HOSE,wile,doter,STREAMS,seamed,fumes,date,FLEW,feel,teed,TEFF,warn,heam,SEARS,toned,dine,peel,CATTED,LICHEN,tilers,than,FAIN,prims,heel,REEL,MAGI,LEWD,PAINTER,hole,rate,sawers,HATING,EATER,shares,lender,date,NIAL,sails,cadet,fumes,rope,PORT,warn,toon,dire,debt,stone,RUSTS,SWATH,MADE,soar,SEEN,tented,doled,STAID,sweat,WHEAL,rate,ASTER,gauls,aster,rinse,DASH,PLATS,snore,mope,FLIES,feet,SPENT,sine,tire,part,HATTED,LATENT,late,gent,ROOT,stare,leaden,rare,PART,miners,greet,nord,thee,hail,plate,scam,CROON,teat,thee,hail,date,seen,hones,STAR,FUSES,drone,there,queen,tarry,RELISH,pent
mass,mane,TING,fare,treater,crate,REAL,AUNT,ROAN,heads,TANG,PENT,these,chafer,mite,HOSED,lier,mater,TRASH,lender,fumed,late,WEIRD,feels,tees,rope,WARNER,meat,queers,toner,fires,peeled,state,list,mile,beads,AGIN,PRINTS,heal,wait,mages,none,FAINT,whole,vent,tools,wheat,bread,REARS,slender,dater,sine,tall,SLAT,fumed,ICER,FORM,soar,gone,green,dolt,stony,RUSTED,MAID,teed,GRASP,gangs,rent,doler,toss,DAISY,WEAL,rater,STEMS,mend,WANE,rinser,DASHES,PATTED,rice,moper,FLIED,rare,scar,slain,tirer,traps,teed,tents,rote,meat,PINNIES,STARED,sadden,rared,span,line,STORE,drone,these,SNAIL,plater,cage,PLAN,test,there,NAIL,dater,gent,CONES,DARTS,lease,grit,here,note,pant,mine,peen
masses,hoop,TINGLES,farer,wear,rate,SWATS,SLICE,RANT,than,GNAT,stints,heal,CHAT,quote,freed,tare,molar,TRASHER,slender,seed,sate,neat,heels,lead,mope,wane,heat,treed,DOOR,hires,peeler,TEATS,listen,slid,beans,AGORA,printS,line,ACHY,hiss,rhone,FAINTER,real,hone,NOON,HEAT,tares,MARTS,sunder,sate,SINEW,tails,slap,sSEEN,nice,CROP,roars,tone,canes,tote,CANE,sate,home,CHAD,RASP,change,rented,cord,tossed,,gone,TATER,hands,mender,hone,sine,tall,slap,gone,DELL,sadden,rared,NAPES,SIRE,pore,pents,deer,shag,pitter,mmeed,toils,DATES,lines,rite,pant,liners,STORER,steep,creed,LOOT,PUMA,caged,SPLINCH,REST,file,loans,late,SIZE,none,TARTS,leased,city,thee,lean,sent,miners,TROTS
DAMPS,hunt,TACT,RATE,teat,date,waters,lice,AUNT,THAR,ping,tints,ward,role,dote,PEED,dare,rate,HERE,GUST,mitt,sater,rile,SATE,MART,moper,ROAMS,,trees,DONNED,cages,REAP,CANTS,cane,sliders,thee,GIMP,mints,liner,COLOR,hisses,tint,fair,treat,date,TOON,HEATING,TEAR,SMARTS,ASUNDER,STAR,SINEWED,fates,mane,snit,nicer,CROAT,MAGE,toned,WANES,cord,CANTOR,queers,mead,reed,being,RAGES,tanned,corder,ROAST,,hone,trawl,SAND,tend,honer,RESIN,sails,teed,SNOG,FELL,LEST,dink,span,slew,PARE,rape,thee,gangs,ROUTE,shot,TOILET,peat,lined,grit,sear,LINENS,tore,gents,cede,HEAT,mute,hotter,tines,pest,trio,stet,later,cages,lines,TEAR,sane,radon,THEIR,cane,ROAN,fine,TROD
SCAMPS,lint,lacing,RATER,real,PEON,SATE,CHAT,tout,hares,ROPING,dirts,TERN,pore,,REDOS,care,rater,SHEEN,sluts,mitted,test,rise,fate,pend,TIME,roars,,RESTS,dong,gager,REAPER,LENS,hells,faves,hares,pint,MINTER,tint,lore,miss,lint,fairer,treater,vote,loony,READ,treater,SNEER,LASE,stair,LINE,heat,MAIN,DENSE,pore,CROATIA,sage,dong,GRID,derp,tides,QUEERED,,tree,waning,sWAG,tanner,CODE,ROASTED,,land,RAWER,rare,tender,wanter,sane,tails,soot,SNOGGER,rome,leads,fore,PANES,SALE,PARER,tart,heed,hangs,tare,shotted,north,teat,SLOE,CITE,EARN,DINE,sane,SAUTE,rose,,pump,shot,lines,PISS,THAT,gangs,ALTER,caged,NINES,READS,,CIGAR,HEIR,,torn,finer,PRONE
CAMPS,tint,SHOT,LATE,tater,heat,LOST,have,list,SNARE,tome,trims,LOIN,pole,,DOSE,CARED,LATE,RASH,stag,snit,tester,riser,slat,SLEET,TIMER,more,,tread,tong,wages,reaped,assed,cells,fades,dares,pong,dirts,hint,mone,misses,TUNNEL,TARE,WAIT,tare,LASER,READING,REAR,WEARS,sale,STARE,rinse,feat,rain,sheen,poor,pare,PAGE,tong,fires,teep,AIDES,queen,,treed,anger,SWAN,trod,CODER,state,,TIDE,MOAT,master,ZESTS,toed,late,stalls,SOOTED,nogger,fore,leaden,drone,rear,DALES,hire,fast,trio,ANTE,mitt,seen,SPINY,teats,LIED,CITED,SPEW,DINERS,saner,strong,hath,,TUFT,FEED,vines,PISSED,bath,,MALT,mages,pines,teats,,teed,SNARE,,TARRY,tine,PRONG
miss,,stop,LATER,RAWER,ACRE,loss,then,slides,lards,mote,STENTS,rent,FORE,,DOSED,TRADE,LATER,RASHER,DREG,snitted,dstair,LAIR,tails,TAPE,plait,bing,,THEY,tang,wager,APED,toss,cent,faders,bares,MELT,MISTS,hinter,mole,piss,went,tarer,roar,tared,RISE,LEAD,REARED,harts,seem,TARE,rinser,seat,rained,shed,peer,,PAGER,tang,hires,peed,ROTATES,THAN,,street,PREP,canes,TORE,loot,stated,,jade,MERE,MEANS,seem,hoed,rate,stalls,SCOOT,peen,more,leases,DRONED,TOXIC,nails,hirer,fasten,node,,,tend,SENIOR,POSSE,,city,lower,sane,tire,ROTE,deer,,tone,need,CORN,toss,TRIED,,plate,AGED,sine,stead,,need,SNARER,,TARRES,RIND,neat
misses,,hotel,plate,WARE,ACRED,tole,belts,sliders,salt,MOLT,tents,TENT,wait,,TIER,head,water,TEAMS,sale,mesh,DARTS,rinse,tall,TAPED,FORCE,waning,,USER,rang,scan,redo,tossed,have,beets,bears,LILT,tines,linter,moler,isses,hoop,fare,weal,rader,loss,LEADING,TOAD,SHAM,reemed,DARE,sane,sheet,scad,,goons,,SPAR,rang,CARES,peat,ROTATED,REQUESTS,,treat,,SNEER,note,looter,states,,jader,moled,SEAMS,seemed,ANTE,rile,slats,SCOOTED,here,pore,EASES,dome,tort,DIALS,TONE,done,REEDY,,,,,toss,,gronk,TOWER,saner,tirer,DOTE,,,dote,SCAM,TORN,STOP,TIED,,plater,shot,COIN,PESTO,,fore,note,,roar,GELID,teen
gone,,quotings,PLATER,TEAR,,toler,HILL,tiles,note,ring,rents,heel,WHAT,,tire,hear,treat,MASH,SLUGS,,TEAT,srinser,stall,pall,,being,,frees,treat,cares,DOTE,TEST,HAVEN,SEAR,heads,till,MINE,LITHE,pole,NOSES,pent,farer,rear,OHIO,lass,gone,TOADY,mast,GEESE,want,rate,shills,hood,,here,,spare,teed,ARID,peal,actions,REQUESTED,,free,,,NOTED,QUOD,,,made,tars,,sunder,HEAT,wear,wate,pent,poor,,EASELS,rite,TORE,RILES,TONER,,THIN,,,,,PASSED,,radon,torn,dane,hire,neat,,,doter,seen,,stead,heed,,gimp,FISH,COIL,pest,,rare,noter,,perry,,TENT
seed,,CARNAL,REAL,hearer,,saloon,SILL,tilers,noted,pint,RENTIERS,heat,CHAP,,EDGES,HEAL,treater,MASHER,STUN,,STREAK,DRAT,sills,PALLED,,marr,,freed,trod,,DOTER,,,TUNA,TIED,SOAR,MINER,ALIEN,poler,,runt,NIXED,wear,drat,lasso,ELATING,done,master,GLENS,hone,late,hills,pent,,rice,,pare,DARE,SEWN,peeled,,STEERED,,freed,,,tone,PEER,,,TRAIN,TARED,,glee,want,DIRT,heels,pented,,,REAR,grit,tory,fine,sane,,ceed,,,,,sass,,feed,PARROT,TERNS,hirer,peat,,,damp,FEET,,steps,NOIR,,PIMP,case,tines,PAST,,rite,SHARER,,sperry,,pent
,,ANAL,wine,wheat,,tools,scent,DEARS,cant,mint,TENSE,HELD,reef,,EDGED,WILED,WATERED,rare,glee,,STREAKY,FLAIR,gills,SALLY,,,,FRETS,tent,,DOTED,,,TARE,ARSE,ROARS,rise,OILIER,FORM,,REACTS,wire,RALE,,saloon,MAIL,READ,BASTE,SENT,SHED,RILE,sills,lent,,rich,,mare,DARN,CAUSE,peeler,,STREAM,,read,,,toned,peel,,,RAIN,TALE,,,sater,EDT,feels,lent,,,ARSES,,tart,finer,SANER,,nite,,,,,sassed,,reed,tort,LAID,hero,TAPE,,,ditter,,,streps,node,,mute,MACE,vines,PASTES,,,SHARER,,SENTRY,,stone
,,CANALS,wined,wheater,,sawer,cent,BEARS,canted,MINORS,TENSER,,loafer,,,gone,DATE,REST,gauls,,TREAT,,kills,TALLY,,,,street,tented,,told,,,rate,,,risen,,pork,,LITES,wirer,,,RAISE,CRATING,LEAD,BEAST,LENT,WANDS,RAIL,gills,dent,,RICHENS,,SARGE,tanned,RECUSE,peater,,TEAM,,sire,,,toner,peeler,,,RAID,taler,,,sate,wide,,TENT,,,DANES,,roar,mine,ROANS,,rite,,,,,gassed,,DETER,tart,SAID,STOP,rape,,,mill,,,TRADES,,,muter,sage,spine,PAST,,,grist,,,,SORT
,,,TINE,TRAWL,,,THAN,TEARS,LANDS,GROPING,prim,,lore,,,hone,DATER,easter,,,TREATY,,HELLS,STALL,,,,dames,rent,,ROLE,,,NOTE,,,,,loaf,,last,tire,,,RAISER,wile,mead,EAST,sluts,HNADS,TAILL,feels,cent,,,,RAGE,tanner,RESEWN,peated,,,,asters,,,toon,TEAL,,,tale,dote,,,,,,TENTED,,,,,CROAT,miners,rear,,,,,,,gasses,,feet,tartar,LAIN,TORQUE,RAPT,,,ROUT,,,gassed,,,fitter,dent,spin,PASTER,,,LIONS,,,,steep
,,,friar,MELEE,,,,TEETS,clans,LOUT,rinse,,poler,,,made,RODE,mast,,,reak,,SHELLS,PELL,,,,FAST,rented,,dole,,,NOTER,,,,,loafer,,RANG,tirer,,,RISER,WHAT,TREAD,easter,stays,toed,tale,heels,scent,,,,RAGER,canned,,REPEAL,,,,faster,,,done,real,,,laid,doter,,,,,,TYPE,,,,,LINT,tine,rearer,,,,,,,passes,,FETE,TROT,SLID,TORQUER,trap,,,,,,pissed,,,pitter,,COON,passer,,,SIRE,,,,gents
,,,dent,,,,,SUITS,bares,PLOT,tines,,WAFER,,,jade,NODES,master,,,REND,,shills,scent,,,,FASTED,RANT,,doled,,,TART,,,,,,,RANGES,dent,,,rise,hear,WALE,rends,ELSE,hoed,TIDE,gilas,scented,,,,being,canner,,REPEALED,,,,FASTENERS,,,gone,REALER,,,maid,,,,,,,TYPED,,,,,,thins,hear,,,,,,,sasses,,done,tory,TIRE,pore,part,,,,,,,,,doter,,COOT,passed,,,sirer,,,,
,,,fair,,,,,tore,dares,,tents,,,,,ladel,MEOW,harts,,,that,,street,scented,,,,faster,RANTED,,CREPE,,,LUNAR,,,,,,,LEST,denter,,,ease,DEAR,water,wends,GENTS,SHOT,wide,,rant,,,,,TRAIT,,REPEALER,,,,FASTENERS,,,goner,tread,,,,,,,,,,deal,,,,,,THINE,hearer,,,,,,,rates,,fond,pent,tine,gist,part,,,,,,,,,,,,gasses,,,SIRENS,,,,
,,,denter,,,,,TORN,tears,,,,,,,RADIO,DONE,jearts,,,aster,,,cent,,,,TASERS,RANTER,,read,,,,,,,,,,those,EXIT,,,lair,WEAR,WORE,SEER,DENTS,aster,WIDER,,ranted,,,,,TREAT,,PALE,,,,MANE,,,treat,treader,,,,,,,,,,mane,,,,,,SNIT,tear,,,,,,,rated,,,sent,sine,NEAR,tart,,,,,,,,,,,,GASSER,,,tire,,,,
,,,rule,,,,,BEADS,dears,,,,,,,TREAD,MOLE,HAREMS,,,,,,pent,,,,TASED,CANTOR,,READER,,,,,,,,,,chose,TIED,,,,HARE,WORMS,,RENTS,trades,TRAIT,,ANTE,,,,,rone,,PALED,,,,MANED,,,NEED,read,,,,,,,,,,rant,,,,,,FRETS,TEARIER,,,,,,,TREAT,,,WENT,,rear,PARROTS,,,,,,,,,,,,gassed,,,tirer,,,,
,,,fear,,,,,LEADS,hears,,,,,,,TRAIL,,wends,,,,,,pented,,,,aster,CANTER,,QUAD,,,,,,,,,,snare,TULLE,,,,dare,WORMED,,,heart,WEAL,,soot,,,,,ROTTED,,PALER,,,,maners,,,canned,reed,,,,,,,,,,ranted,,,,,,,tearer,,,,,,,,,,PARENT,,,,,,,,,,,,,,,sasses,,,pore,,,,
,,,,,,,,READS,rose,,,,,,,RAIL,,rends,,,,,,rained,,,,,CANTED,,tool,,,,,,,,,,rangles,,,,,bare,WARMS,,,,SERF,,teed,,,,,NETTED,,breader,,,,made,,,canner,peet,,,,,,,,,,PALE,,,,,,,greet,,,,,,,,,,WEAR,,,,,,,,,,,,,,,sasser,,,,,,,
,,,,,,,,fast,EROS,,,,,,,,,,,,,,,,,,,,RECANTED,,toller,,,,,,,,,,ANGLES,,,,,care,WARMED,,,,EARNS,,lead,,,,,tent,,ALTER,,,,,,,CANE,tree,,,,,,,,,,PALED,,,,,,,TIGER,,,,,,,,,,WEARY,,,,,,,,,,,,,,,sassed,,,,,,,
,,,,,,,,,BANDS,,,,,,,,,,,,,,,,,,,,RECANTED,,tooled,,,,,,,,,,ANGEL,,,,,,EARL,,,,,,NEED,,,,,tented,,LODE,,,,,,,CANED,treed,,,,,,,,,,cooty,,,,,,,gist,,,,,,,,,,,,,,,,,,,,,,,,,rated,,,,,,,
,,,,,,,,,hands,,,,,,,,,,,,,,,,,,,,teed,,loot,,,,,,,,,,ANGELIC,,,,,,load,,,,,,,,,,,rent,,,,,,,,,CANER,ROAD,,,,,,,,,,hood,,,,,,,note,,,,,,,,,,,,,,,,,,,,,,,,,rates,,,,,,,
,,,,,,,,,,,,,,,,,,,,,,,,,,,,,tear,,LOOTED,,,,,,,,,,,,,,,,,,,,,,,,,,,rented,,,,,,,,,near,roeo,,,,,,,,,,TOAD,,,,,,,notes,,,,,,,,,,,,,,,,,,,,,,,,,sports,,,,,,,
,,,,,,,,,,,,,,,,,,,,,,,,,,,,,teared,,looter,,,,,,,,,,,,,,,,,,,,,,,,,,,ROTE,,,,,,,,,TART,roaded,,,,,,,,,,,,,,,,,SATE,,,,,,,,,,,,,,,,,,,,,,,,,SPOTS,,,,,,,
,,,,,,,,,,,,,,,,,,,,,,,,,,,,,,,DOOR,,,,,,,,,,,,,,,,,,,,,,,,,,,tear,,,,,,,,,TARTED,LOAD,,,,,,,,,,,,,,,,,,,,,,,,,,,,,,,,,,,,,,,,,,POSTS,,,,,,,
,,,,,,,,,,,,,,,,,,,,,,,,,,,,,,,,,,,,,,,,,,,,,,,,,,,,,,,,,,teared,,,,,,,,,tort,LOADER,,,,,,,,,,,,,,,,,,,,,,,,,,,,,,,,,,,,,,,,,,streps,,,,,,,
,,,,,,,,,,,,,,,,,,,,,,,,,,,,,,,,,,,,,,,,,,,,,,,,,,,,,,,,,,EARN,,,,,,,,,tanned,,,,,,,,,,,,,,,,,,,,,,,,,,,,,,,,,,,,,,,,,,,,,,,,,,
,,,,,,,,,,,,,,,,,,,,,,,,,,,,,,,,,,,,,,,,,,,,,,,,,,,,,,,,,,EARNED,,,,,,,,,TONNER,,,,,,,,,,,,,,,,,,,,,,,,,,,,,,,,,,,,,,,,,,,,,,,,,,
,,,,,,,,,,,,,,,,,,,,,,,,,,,,,,,,,,,,,,,,,,,,,,,,,,,,,,,,,,EARNER,,,,,,,,,,,,,,,,,,,,,,,,,,,,,,,,,,,,,,,,,,,,,,,,,,,,,,,,,,,
,,,,,,,,,,,,,,,,,,,,,,,,,,,,,,,,,,,,,,,,,,,,,,,,,,,,,,,,,,DEAR,,,,,,,,,,,,,,,,,,,,,,,,,,,,,,,,,,,,,,,,,,,,,,,,,,,,,,,,,,,
,,,,,,,,,,,,,,,,,,,,,,,,,,,,,,,,,,,,,,,,,,,,,,,,,,,,,,,,,,DEER,,,,,,,,,,,,,,,,,,,,,,,,,,,,,,,,,,,,,,,,,,,,,,,,,,,,,,,,,,,
,,,,,,,,,,,,,,,,,,,,,,,,,,,,,,,,,,,,,,,,,,,,,,,,,,,,,,,,,,near,,,,,,,,,,,,,,,,,,,,,,,,,,,,,,,,,,,,,,,,,,,,,,,,,,,,,,,,,,,
,,,,,,,,,,,,,,,,,,,,,,,,,,,,,,,,,,,,,,,,,,,,,,,,,,,,,,,,,,DEARIE,,,,,,,,,,,,,,,,,,,,,,,,,,,,,,,,,,,,,,,,,,,,,,,,,,,,,,,,,,,