Game#,Person,Side,Result,#,Good,Bad,Merlin,Percival,Morgana,R1,R2,R3,R4,R5,Assassinate?,Winner,Notes
1,Harrison,Evil,Win,6,LfMOzWa,HS,M,n/a,n/a,F,F,F,,,n/a,evil,
1,LorenzoF,Good,Loss,6,LfMOzWa,HS,M,n/a,n/a,F,F,F,,,n/a,evil,
1,Matt,Good,Loss,6,LfMOzWa,HS,M,n/a,n/a,F,F,F,,,n/a,evil,
1,Ozan,Good,Loss,6,LfMOzWa,HS,M,n/a,n/a,F,F,F,,,n/a,evil,
1,Sam,Evil,Win,6,LfMOzWa,HS,M,n/a,n/a,F,F,F,,,n/a,evil,
1,WillA,Good,Loss,6,LfMOzWa,HS,M,n/a,n/a,F,F,F,,,n/a,evil,
2,Harrison,Good,Win,6,HLfMS,OzWa,M,n/a,n/a,P,F,F,P,P,fail,good,
2,LorenzoF,Good,Win,6,HLfMS,OzWa,M,n/a,n/a,P,F,F,P,P,fail,good,
2,Matt,Good,Win,6,HLfMS,OzWa,M,n/a,n/a,P,F,F,P,P,fail,good,
2,Ozan,Evil,Loss,6,HLfMS,OzWa,M,n/a,n/a,P,F,F,P,P,fail,good,
2,Sam,Good,Win,6,HLfMS,OzWa,M,n/a,n/a,P,F,F,P,P,fail,good,
2,WillA,Evil,Loss,6,HLfMS,OzWa,M,n/a,n/a,P,F,F,P,P,fail,good,
3,Harrison,Evil,Win,7,JLfMWa,HOzS,J,Lf,Oz,P,P,P,,,success,evil,
3,Jenny,Good,Loss,7,JLfMWa,HOzS,J,Lf,Oz,P,P,P,,,success,evil,
3,LorenzoF,Good,Loss,7,JLfMWa,HOzS,J,Lf,Oz,P,P,P,,,success,evil,
3,Matt,Good,Loss,7,JLfMWa,HOzS,J,Lf,Oz,P,P,P,,,success,evil,
3,Ozan,Evil,Win,7,JLfMWa,HOzS,J,Lf,Oz,P,P,P,,,success,evil,
3,Sam,Evil,Win,7,JLfMWa,HOzS,J,Lf,Oz,P,P,P,,,success,evil,
3,WillA,Good,Loss,7,JLfMWa,HOzS,J,Lf,Oz,P,P,P,,,success,evil,
4,Harrison,Good,Loss,7,HLfOzWa,JMS,Wa,Oz,M,P,F,F,P,F,n/a,evil,
4,Jenny,Evil,Win,7,HLfOzWa,JMS,Wa,Oz,M,P,F,F,P,F,n/a,evil,
4,LorenzoF,Good,Loss,7,HLfOzWa,JMS,Wa,Oz,M,P,F,F,P,F,n/a,evil,
4,Matt,Evil,Win,7,HLfOzWa,JMS,Wa,Oz,M,P,F,F,P,F,n/a,evil,
4,Ozan,Good,Loss,7,HLfOzWa,JMS,Wa,Oz,M,P,F,F,P,F,n/a,evil,
4,Sam,Evil,Win,7,HLfOzWa,JMS,Wa,Oz,M,P,F,F,P,F,n/a,evil,
4,WillA,Good,Loss,7,HLfOzWa,JMS,Wa,Oz,M,P,F,F,P,F,n/a,evil,
5,Chris,Evil,Win,8,HMOzSWa,CJLf,M,Wa,C,F,P,F,P,F,n/a,evil,Will is banned from being Percival
5,Harrison,Good,Loss,8,HMOzSWa,CJLf,M,Wa,C,F,P,F,P,F,n/a,evil,Will is banned from being Percival
5,Jenny,Evil,Win,8,HMOzSWa,CJLf,M,Wa,C,F,P,F,P,F,n/a,evil,Will is banned from being Percival
5,LorenzoF,Evil,Win,8,HMOzSWa,CJLf,M,Wa,C,F,P,F,P,F,n/a,evil,Will is banned from being Percival
5,Matt,Good,Loss,8,HMOzSWa,CJLf,M,Wa,C,F,P,F,P,F,n/a,evil,Will is banned from being Percival
5,Ozan,Good,Loss,8,HMOzSWa,CJLf,M,Wa,C,F,P,F,P,F,n/a,evil,Will is banned from being Percival
5,Sam,Good,Loss,8,HMOzSWa,CJLf,M,Wa,C,F,P,F,P,F,n/a,evil,Will is banned from being Percival
5,WillA,Good,Loss,8,HMOzSWa,CJLf,M,Wa,C,F,P,F,P,F,n/a,evil,Will is banned from being Percival
6,Chris,Evil,Loss,8,JHLfOzS,CMWa,H,Lf,C,P,P,P,,,fail,good,
6,Harrison,Good,Win,8,JHLfOzS,CMWa,H,Lf,C,P,P,P,,,fail,good,
6,Jenny,Good,Win,8,JHLfOzS,CMWa,H,Lf,C,P,P,P,,,fail,good,
6,LorenzoF,Good,Win,8,JHLfOzS,CMWa,H,Lf,C,P,P,P,,,fail,good,
6,Matt,Evil,Loss,8,JHLfOzS,CMWa,H,Lf,C,P,P,P,,,fail,good,
6,Ozan,Good,Win,8,JHLfOzS,CMWa,H,Lf,C,P,P,P,,,fail,good,
6,Sam,Good,Win,8,JHLfOzS,CMWa,H,Lf,C,P,P,P,,,fail,good,
6,WillA,Evil,Loss,8,JHLfOzS,CMWa,H,Lf,C,P,P,P,,,fail,good,
7,Chris,Good,Win,8,CHLfMOz,JSWa,C,Lf,J,P,P,P,,,fail,good,
7,Harrison,Good,Win,8,CHLfMOz,JSWa,C,Lf,J,P,P,P,,,fail,good,
7,Jenny,Evil,Loss,8,CHLfMOz,JSWa,C,Lf,J,P,P,P,,,fail,good,
7,LorenzoF,Good,Win,8,CHLfMOz,JSWa,C,Lf,J,P,P,P,,,fail,good,
7,Matt,Good,Win,8,CHLfMOz,JSWa,C,Lf,J,P,P,P,,,fail,good,
7,Ozan,Good,Win,8,CHLfMOz,JSWa,C,Lf,J,P,P,P,,,fail,good,
7,Sam,Evil,Loss,8,CHLfMOz,JSWa,C,Lf,J,P,P,P,,,fail,good,
7,WillA,Evil,Loss,8,CHLfMOz,JSWa,C,Lf,J,P,P,P,,,fail,good,
8,Chris,Good,Win,8,CJMOzWa,HLfS,C,Wa,H,F,P,P,P,,fail,good,
8,Harrison,Evil,Loss,8,CJMOzWa,HLfS,C,Wa,H,F,P,P,P,,fail,good,
8,Jenny,Good,Win,8,CJMOzWa,HLfS,C,Wa,H,F,P,P,P,,fail,good,
8,LorenzoF,Evil,Loss,8,CJMOzWa,HLfS,C,Wa,H,F,P,P,P,,fail,good,
8,Matt,Good,Win,8,CJMOzWa,HLfS,C,Wa,H,F,P,P,P,,fail,good,
8,Ozan,Good,Win,8,CJMOzWa,HLfS,C,Wa,H,F,P,P,P,,fail,good,
8,Sam,Evil,Loss,8,CJMOzWa,HLfS,C,Wa,H,F,P,P,P,,fail,good,
8,WillA,Good,Win,8,CJMOzWa,HLfS,C,Wa,H,F,P,P,P,,fail,good,
9,Chris,Evil,Loss,8,JLfMOzS,CHWa,M,Oz,Wa,F,F,P,P,P,fail,good,
9,Harrison,Evil,Loss,8,JLfMOzS,CHWa,M,Oz,Wa,F,F,P,P,P,fail,good,
9,Jenny,Good,Win,8,JLfMOzS,CHWa,M,Oz,Wa,F,F,P,P,P,fail,good,
9,LorenzoF,Good,Win,8,JLfMOzS,CHWa,M,Oz,Wa,F,F,P,P,P,fail,good,
9,Matt,Good,Win,8,JLfMOzS,CHWa,M,Oz,Wa,F,F,P,P,P,fail,good,
9,Ozan,Good,Win,8,JLfMOzS,CHWa,M,Oz,Wa,F,F,P,P,P,fail,good,
9,Sam,Good,Win,8,JLfMOzS,CHWa,M,Oz,Wa,F,F,P,P,P,fail,good,
9,WillA,Evil,Loss,8,JLfMOzS,CHWa,M,Oz,Wa,F,F,P,P,P,fail,good,
10,Chris,Evil,Win,8,HLfMOzWa,CJS,Wa,H,C,P,P,P,,,success,evil,
10,Harrison,Good,Loss,8,HLfMOzWa,CJS,Wa,H,C,P,P,P,,,success,evil,
10,Jenny,Evil,Win,8,HLfMOzWa,CJS,Wa,H,C,P,P,P,,,success,evil,
10,LorenzoF,Good,Loss,8,HLfMOzWa,CJS,Wa,H,C,P,P,P,,,success,evil,
10,Matt,Good,Loss,8,HLfMOzWa,CJS,Wa,H,C,P,P,P,,,success,evil,
10,Ozan,Good,Loss,8,HLfMOzWa,CJS,Wa,H,C,P,P,P,,,success,evil,
10,Sam,Evil,Win,8,HLfMOzWa,CJS,Wa,H,C,P,P,P,,,success,evil,
10,WillA,Good,Loss,8,HLfMOzWa,CJS,Wa,H,C,P,P,P,,,success,evil,
11,Chris,Good,Loss,8,CHLfMS,JOzWa,H,S,Oz,F,F,P,P,P,success,evil,
11,Harrison,Good,Loss,8,CHLfMS,JOzWa,H,S,Oz,F,F,P,P,P,success,evil,
11,Jenny,Evil,Win,8,CHLfMS,JOzWa,H,S,Oz,F,F,P,P,P,success,evil,
11,LorenzoF,Good,Loss,8,CHLfMS,JOzWa,H,S,Oz,F,F,P,P,P,success,evil,
11,Matt,Good,Loss,8,CHLfMS,JOzWa,H,S,Oz,F,F,P,P,P,success,evil,
11,Ozan,Evil,Win,8,CHLfMS,JOzWa,H,S,Oz,F,F,P,P,P,success,evil,
11,Sam,Good,Loss,8,CHLfMS,JOzWa,H,S,Oz,F,F,P,P,P,success,evil,
11,WillA,Evil,Win,8,CHLfMS,JOzWa,H,S,Oz,F,F,P,P,P,success,evil,
12,WillA,Evil,Win,5,LfMOz,SWa,Lf,n/a,n/a,P,F,P,F,P,n/a,evil,
12,Sam,Evil,Win,5,LfMOz,SWa,Lf,n/a,n/a,P,F,P,F,P,n/a,evil,
12,Ozan,Good,Loss,5,LfMOz,SWa,Lf,n/a,n/a,P,F,P,F,P,n/a,evil,
12,LorenzoF,Good,Loss,5,LfMOz,SWa,Lf,n/a,n/a,P,F,P,F,P,n/a,evil,
12,Matt,Good,Loss,5,LfMOz,SWa,Lf,n/a,n/a,P,F,P,F,P,n/a,evil,
13,Matt,Good,Loss,6,MOzWaWc,LfS,Wa,n/a,n/a,P,F,F,P,P,success,evil,
13,WillA,Good,Loss,6,MOzWaWc,LfS,Wa,n/a,n/a,P,F,F,P,P,success,evil,
13,WillC,Good,Loss,6,MOzWaWc,LfS,Wa,n/a,n/a,P,F,F,P,P,success,evil,
13,Ozan,Good,Loss,6,MOzWaWc,LfS,Wa,n/a,n/a,P,F,F,P,P,success,evil,
13,LorenzoF,Evil,Win,6,MOzWaWc,LfS,Wa,n/a,n/a,P,F,F,P,P,success,evil,
13,Sam,Evil,Win,6,MOzWaWc,LfS,Wa,n/a,n/a,P,F,F,P,P,success,evil,
14,Matt,Good,Loss,6,LfMOzWa,SWc,Wa,n/a,n/a,P,F,F,P,P,success,evil,
14,WillA,Good,Loss,6,LfMOzWa,SWc,Wa,n/a,n/a,P,F,F,P,P,success,evil,
14,WillC,Evil,Win,6,LfMOzWa,SWc,Wa,n/a,n/a,P,F,F,P,P,success,evil,
14,Ozan,Good,Loss,6,LfMOzWa,SWc,Wa,n/a,n/a,P,F,F,P,P,success,evil,
14,LorenzoF,Good,Loss,6,LfMOzWa,SWc,Wa,n/a,n/a,P,F,F,P,P,success,evil,
14,Sam,Evil,Win,6,LfMOzWa,SWc,Wa,n/a,n/a,P,F,F,P,P,success,evil,
15,Matt,Evil,Loss,7,LfOzSWa,LdMOs,Wa,S,Os,F,P,F,P,P,fail,good,
15,Lorenzod,Evil,Loss,7,LfOzSWa,LdMOs,Wa,S,Os,F,P,F,P,P,fail,good,
15,LorenzoF,Good,Win,7,LfOzSWa,LdMOs,Wa,S,Os,F,P,F,P,P,fail,good,
15,WillA,Good,Win,7,LfOzSWa,LdMOs,Wa,S,Os,F,P,F,P,P,fail,good,
15,Osmond,Evil,Loss,7,LfOzSWa,LdMOs,Wa,S,Os,F,P,F,P,P,fail,good,
15,Sam,Good,Win,7,LfOzSWa,LdMOs,Wa,S,Os,F,P,F,P,P,fail,good,
15,Ozan,Good,Win,7,LfOzSWa,LdMOs,Wa,S,Os,F,P,F,P,P,fail,good,
16,Matt,Evil,Win,9,JLdLfOsWaWc,MOzS,Wc,Lf,S,P,P,P,,,success,evil,
16,Lorenzod,Good,Loss,9,JLdLfOsWaWc,MOzS,Wc,Lf,S,P,P,P,,,success,evil,
16,LorenzoF,Good,Loss,9,JLdLfOsWaWc,MOzS,Wc,Lf,S,P,P,P,,,success,evil,
16,WillA,Good,Loss,9,JLdLfOsWaWc,MOzS,Wc,Lf,S,P,P,P,,,success,evil,
16,Osmond,Good,Loss,9,JLdLfOsWaWc,MOzS,Wc,Lf,S,P,P,P,,,success,evil,
16,Sam,Evil,Win,9,JLdLfOsWaWc,MOzS,Wc,Lf,S,P,P,P,,,success,evil,
16,Ozan,Evil,Win,9,JLdLfOsWaWc,MOzS,Wc,Lf,S,P,P,P,,,success,evil,
16,WillC,Good,Loss,9,JLdLfOsWaWc,MOzS,Wc,Lf,S,P,P,P,,,success,evil,
16,Jenny,Good,Loss,9,JLdLfOsWaWc,MOzS,Wc,Lf,S,P,P,P,,,success,evil,
17,Matt,Good,Win,9,JLdMOsOzS,LfWaWc,Os,Oz,Wa,F,F,P,P,P,fail,good,
17,Lorenzod,Good,Win,9,JLdMOsOzS,LfWaWc,Os,Oz,Wa,F,F,P,P,P,fail,good,
17,LorenzoF,Evil,Loss,9,JLdMOsOzS,LfWaWc,Os,Oz,Wa,F,F,P,P,P,fail,good,
17,WillA,Evil,Loss,9,JLdMOsOzS,LfWaWc,Os,Oz,Wa,F,F,P,P,P,fail,good,
17,Osmond,Good,Win,9,JLdMOsOzS,LfWaWc,Os,Oz,Wa,F,F,P,P,P,fail,good,
17,Sam,Good,Win,9,JLdMOsOzS,LfWaWc,Os,Oz,Wa,F,F,P,P,P,fail,good,
17,Ozan,Good,Win,9,JLdMOsOzS,LfWaWc,Os,Oz,Wa,F,F,P,P,P,fail,good,
17,WillC,Evil,Loss,9,JLdMOsOzS,LfWaWc,Os,Oz,Wa,F,F,P,P,P,fail,good,
17,Jenny,Good,Win,9,JLdMOsOzS,LfWaWc,Os,Oz,Wa,F,F,P,P,P,fail,good,
18,Matt,Evil,Win,8,JLfOsOzWc,LdMS,Oz,Wc,Ld,F,P,P,P,,success,evil,
18,Lorenzod,Evil,Win,8,JLfOsOzWc,LdMS,Oz,Wc,Ld,F,P,P,P,,success,evil,
18,LorenzoF,Good,Loss,8,JLfOsOzWc,LdMS,Oz,Wc,Ld,F,P,P,P,,success,evil,
18,Osmond,Good,Loss,8,JLfOsOzWc,LdMS,Oz,Wc,Ld,F,P,P,P,,success,evil,
18,Sam,Evil,Win,8,JLfOsOzWc,LdMS,Oz,Wc,Ld,F,P,P,P,,success,evil,
18,Ozan,Good,Loss,8,JLfOsOzWc,LdMS,Oz,Wc,Ld,F,P,P,P,,success,evil,
18,WillC,Good,Loss,8,JLfOsOzWc,LdMS,Oz,Wc,Ld,F,P,P,P,,success,evil,
18,Jenny,Good,Loss,8,JLfOsOzWc,LdMS,Oz,Wc,Ld,F,P,P,P,,success,evil,
19,Matt,Good,Loss,7,JMOsWc,LfOzS,Os,Wc,S,P,F,F,P,F,n/a,evil,sam morgana percival-declared and matt bought it
19,LorenzoF,Evil,Win,7,JMOsWc,LfOzS,Os,Wc,S,P,F,F,P,F,n/a,evil,sam morgana percival-declared and matt bought it
19,Osmond,Good,Loss,7,JMOsWc,LfOzS,Os,Wc,S,P,F,F,P,F,n/a,evil,sam morgana percival-declared and matt bought it
19,Sam,Evil,Win,7,JMOsWc,LfOzS,Os,Wc,S,P,F,F,P,F,n/a,evil,sam morgana percival-declared and matt bought it
19,Ozan,Evil,Win,7,JMOsWc,LfOzS,Os,Wc,S,P,F,F,P,F,n/a,evil,sam morgana percival-declared and matt bought it
19,WillC,Good,Loss,7,JMOsWc,LfOzS,Os,Wc,S,P,F,F,P,F,n/a,evil,sam morgana percival-declared and matt bought it
19,Jenny,Good,Loss,7,JMOsWc,LfOzS,Os,Wc,S,P,F,F,P,F,n/a,evil,sam morgana percival-declared and matt bought it
20,Matt,Good,Loss,7,JMSWa,HOzSh,S,Wa,Oz,P,F,F,F,,n/a,evil,will misread merlin/morgana
20,Jenny,Good,Loss,7,JMSWa,HOzSh,S,Wa,Oz,P,F,F,F,,n/a,evil,will misread merlin/morgana
20,Ozan,Evil,Win,7,JMSWa,HOzSh,S,Wa,Oz,P,F,F,F,,n/a,evil,will misread merlin/morgana
20,Shruti,Evil,Win,7,JMSWa,HOzSh,S,Wa,Oz,P,F,F,F,,n/a,evil,will misread merlin/morgana
20,Harrison,Evil,Win,7,JMSWa,HOzSh,S,Wa,Oz,P,F,F,F,,n/a,evil,will misread merlin/morgana
20,WillA,Good,Loss,7,JMSWa,HOzSh,S,Wa,Oz,P,F,F,F,,n/a,evil,will misread merlin/morgana
20,Sam,Good,Loss,7,JMSWa,HOzSh,S,Wa,Oz,P,F,F,F,,n/a,evil,will misread merlin/morgana
21,Matt,Evil,Win,7,JOzSWa,HMSh,Wa,S,Sh,P,F,F,P,P,success,evil,
21,Jenny,Good,Loss,7,JOzSWa,HMSh,Wa,S,Sh,P,F,F,P,P,success,evil,
21,Ozan,Good,Loss,7,JOzSWa,HMSh,Wa,S,Sh,P,F,F,P,P,success,evil,
21,Shruti,Evil,Win,7,JOzSWa,HMSh,Wa,S,Sh,P,F,F,P,P,success,evil,
21,Harrison,Evil,Win,7,JOzSWa,HMSh,Wa,S,Sh,P,F,F,P,P,success,evil,
21,WillA,Good,Loss,7,JOzSWa,HMSh,Wa,S,Sh,P,F,F,P,P,success,evil,
21,Sam,Good,Loss,7,JOzSWa,HMSh,Wa,S,Sh,P,F,F,P,P,success,evil,
22,Matt,Good,Loss,7,MOzSWa,HJSh,S,M,J,P,F,P,F,P,success,evil,
22,Jenny,Evil,Win,7,MOzSWa,HJSh,S,M,J,P,F,P,F,P,success,evil,
22,Ozan,Good,Loss,7,MOzSWa,HJSh,S,M,J,P,F,P,F,P,success,evil,
22,Shruti,Evil,Win,7,MOzSWa,HJSh,S,M,J,P,F,P,F,P,success,evil,
22,Harrison,Evil,Win,7,MOzSWa,HJSh,S,M,J,P,F,P,F,P,success,evil,
22,WillA,Good,Loss,7,MOzSWa,HJSh,S,M,J,P,F,P,F,P,success,evil,
22,Sam,Good,Loss,7,MOzSWa,HJSh,S,M,J,P,F,P,F,P,success,evil,
23,Matt,Evil,Loss,6,JSShWa,HM,S,n/a,n/a,F,P,P,P,,fail,good,
23,Jenny,Good,Win,6,JSShWa,HM,S,n/a,n/a,F,P,P,P,,fail,good,
23,Shruti,Good,Win,6,JSShWa,HM,S,n/a,n/a,F,P,P,P,,fail,good,
23,Harrison,Evil,Loss,6,JSShWa,HM,S,n/a,n/a,F,P,P,P,,fail,good,
23,WillA,Good,Win,6,JSShWa,HM,S,n/a,n/a,F,P,P,P,,fail,good,
23,Sam,Good,Win,6,JSShWa,HM,S,n/a,n/a,F,P,P,P,,fail,good,
24,Matt,Good,Loss,6,JMShWa,HS,M,n/a,n/a,P,F,F,F,,n/a,evil,i dont wanna talk about it
24,WillA,Good,Loss,6,JMShWa,HS,M,n/a,n/a,P,F,F,F,,n/a,evil,i dont wanna talk about it
24,Shruti,Good,Loss,6,JMShWa,HS,M,n/a,n/a,P,F,F,F,,n/a,evil,i dont wanna talk about it
24,Jenny,Good,Loss,6,JMShWa,HS,M,n/a,n/a,P,F,F,F,,n/a,evil,i dont wanna talk about it
24,Sam,Evil,Win,6,JMShWa,HS,M,n/a,n/a,P,F,F,F,,n/a,evil,i dont wanna talk about it
24,Harrison,Evil,Win,6,JMShWa,HS,M,n/a,n/a,P,F,F,F,,n/a,evil,i dont wanna talk about it
25,Matt,Good,Win,6,LfMShWa,SSy,Lf,n/a,n/a,P,P,P,,,fail,good,
25,Shreyas,Evil,Loss,6,LfMShWa,SSy,Lf,n/a,n/a,P,P,P,,,fail,good,
25,WillA,Good,Win,6,LfMShWa,SSy,Lf,n/a,n/a,P,P,P,,,fail,good,
25,Sam,Evil,Loss,6,LfMShWa,SSy,Lf,n/a,n/a,P,P,P,,,fail,good,
25,Shruti,Good,Win,6,LfMShWa,SSy,Lf,n/a,n/a,P,P,P,,,fail,good,
25,LorenzoF,Good,Win,6,LfMShWa,SSy,Lf,n/a,n/a,P,P,P,,,fail,good,
26,Matt,Evil,Win,6,LfSSyWa,MSh,S,n/a,n/a,P,F,F,P,P,success,evil,
26,Shreyas,Good,Loss,6,LfSSyWa,MSh,S,n/a,n/a,P,F,F,P,P,success,evil,
26,WillA,Good,Loss,6,LfSSyWa,MSh,S,n/a,n/a,P,F,F,P,P,success,evil,
26,Sam,Good,Loss,6,LfSSyWa,MSh,S,n/a,n/a,P,F,F,P,P,success,evil,
26,Shruti,Evil,Win,6,LfSSyWa,MSh,S,n/a,n/a,P,F,F,P,P,success,evil,
26,LorenzoF,Good,Loss,6,LfSSyWa,MSh,S,n/a,n/a,P,F,F,P,P,success,evil,
27,Matt,Good,Win,7,HMSSh,LfSyWa,Sh,S,Sy,P,F,F,P,P,fail,good,
27,Shreyas,Evil,Loss,7,HMSSh,LfSyWa,Sh,S,Sy,P,F,F,P,P,fail,good,
27,WillA,Evil,Loss,7,HMSSh,LfSyWa,Sh,S,Sy,P,F,F,P,P,fail,good,
27,Sam,Good,Win,7,HMSSh,LfSyWa,Sh,S,Sy,P,F,F,P,P,fail,good,
27,Shruti,Good,Win,7,HMSSh,LfSyWa,Sh,S,Sy,P,F,F,P,P,fail,good,
27,LorenzoF,Evil,Loss,7,HMSSh,LfSyWa,Sh,S,Sy,P,F,F,P,P,fail,good,
27,Harrison,Good,Win,7,HMSSh,LfSyWa,Sh,S,Sy,P,F,F,P,P,fail,good,
28,Matt,Evil,Win,7,HLfSSy,MShWa,S,Lf,Sh,F,F,P,P,P,success,evil,
28,Shreyas,Good,Loss,7,HLfSSy,MShWa,S,Lf,Sh,F,F,P,P,P,success,evil,
28,WillA,Evil,Win,7,HLfSSy,MShWa,S,Lf,Sh,F,F,P,P,P,success,evil,
28,Sam,Good,Loss,7,HLfSSy,MShWa,S,Lf,Sh,F,F,P,P,P,success,evil,
28,Shruti,Evil,Win,7,HLfSSy,MShWa,S,Lf,Sh,F,F,P,P,P,success,evil,
28,LorenzoF,Good,Loss,7,HLfSSy,MShWa,S,Lf,Sh,F,F,P,P,P,success,evil,
28,Harrison,Good,Loss,7,HLfSSy,MShWa,S,Lf,Sh,F,F,P,P,P,success,evil,
29,Matt,Evil,Loss,7,SShSyWa,HLfM,Sh,Sy,M,P,F,F,P,P,fail,good,
29,Shreyas,Good,Win,7,SShSyWa,HLfM,Sh,Sy,M,P,F,F,P,P,fail,good,
29,WillA,Good,Win,7,SShSyWa,HLfM,Sh,Sy,M,P,F,F,P,P,fail,good,
29,Sam,Good,Win,7,SShSyWa,HLfM,Sh,Sy,M,P,F,F,P,P,fail,good,
29,Shruti,Good,Win,7,SShSyWa,HLfM,Sh,Sy,M,P,F,F,P,P,fail,good,
29,LorenzoF,Evil,Loss,7,SShSyWa,HLfM,Sh,Sy,M,P,F,F,P,P,fail,good,
29,Harrison,Evil,Loss,7,SShSyWa,HLfM,Sh,Sy,M,P,F,F,P,P,fail,good,
30,Matt,Good,Win,7,HLfMSh,SSyWa,M,H,Sy,P,F,P,P,,fail,good,
30,Shreyas,Evil,Loss,7,HLfMSh,SSyWa,M,H,Sy,P,F,P,P,,fail,good,
30,WillA,Evil,Loss,7,HLfMSh,SSyWa,M,H,Sy,P,F,P,P,,fail,good,
30,Sam,Evil,Loss,7,HLfMSh,SSyWa,M,H,Sy,P,F,P,P,,fail,good,
30,Shruti,Good,Win,7,HLfMSh,SSyWa,M,H,Sy,P,F,P,P,,fail,good,
30,LorenzoF,Good,Win,7,HLfMSh,SSyWa,M,H,Sy,P,F,P,P,,fail,good,
30,Harrison,Good,Win,7,HLfMSh,SSyWa,M,H,Sy,P,F,P,P,,fail,good,
31,Matt,Good,Loss,7,LfMSSy,HShWa,M,Sy,H,P,F,F,P,F,n/a,evil,
31,Shreyas,Good,Loss,7,LfMSSy,HShWa,M,Sy,H,P,F,F,P,F,n/a,evil,
31,WillA,Evil,Win,7,LfMSSy,HShWa,M,Sy,H,P,F,F,P,F,n/a,evil,
31,Sam,Good,Loss,7,LfMSSy,HShWa,M,Sy,H,P,F,F,P,F,n/a,evil,
31,Shruti,Evil,Win,7,LfMSSy,HShWa,M,Sy,H,P,F,F,P,F,n/a,evil,
31,LorenzoF,Good,Loss,7,LfMSSy,HShWa,M,Sy,H,P,F,F,P,F,n/a,evil,
31,Harrison,Evil,Win,7,LfMSSy,HShWa,M,Sy,H,P,F,F,P,F,n/a,evil,
32,Matt,Good,Win,7,LfMSSh,HSyWa,S,M,H,P,F,F,P,P,fail,good,
32,Shreyas,Evil,Loss,7,LfMSSh,HSyWa,S,M,H,P,F,F,P,P,fail,good,
32,WillA,Evil,Loss,7,LfMSSh,HSyWa,S,M,H,P,F,F,P,P,fail,good,
32,Sam,Good,Win,7,LfMSSh,HSyWa,S,M,H,P,F,F,P,P,fail,good,
32,Shruti,Good,Win,7,LfMSSh,HSyWa,S,M,H,P,F,F,P,P,fail,good,
32,LorenzoF,Good,Win,7,LfMSSh,HSyWa,S,M,H,P,F,F,P,P,fail,good,
32,Harrison,Evil,Loss,7,LfMSSh,HSyWa,S,M,H,P,F,F,P,P,fail,good,
33,Matt,Evil,Loss,7,LfSyWaX,MSSh,X,Sy,S,P,F,F,P,P,fail,good,
33,Shreyas,Good,Win,7,LfSyWaX,MSSh,X,Sy,S,P,F,F,P,P,fail,good,
33,WillA,Good,Win,7,LfSyWaX,MSSh,X,Sy,S,P,F,F,P,P,fail,good,
33,Sam,Evil,Loss,7,LfSyWaX,MSSh,X,Sy,S,P,F,F,P,P,fail,good,
33,Shruti,Evil,Loss,7,LfSyWaX,MSSh,X,Sy,S,P,F,F,P,P,fail,good,
33,LorenzoF,Good,Win,7,LfSyWaX,MSSh,X,Sy,S,P,F,F,P,P,fail,good,
33,Xavier,Good,Win,7,LfSyWaX,MSSh,X,Sy,S,P,F,F,P,P,fail,good,
34,Matt,Good,Loss,7,MSWaX,LfShSy,M,S,Sh,P,F,F,P,P,success,evil,
34,Shreyas,Evil,Win,7,MSWaX,LfShSy,M,S,Sh,P,F,F,P,P,success,evil,
34,WillA,Good,Loss,7,MSWaX,LfShSy,M,S,Sh,P,F,F,P,P,success,evil,
34,Sam,Good,Loss,7,MSWaX,LfShSy,M,S,Sh,P,F,F,P,P,success,evil,
34,Shruti,Evil,Win,7,MSWaX,LfShSy,M,S,Sh,P,F,F,P,P,success,evil,
34,LorenzoF,Evil,Win,7,MSWaX,LfShSy,M,S,Sh,P,F,F,P,P,success,evil,
34,Xavier,Good,Loss,7,MSWaX,LfShSy,M,S,Sh,P,F,F,P,P,success,evil,
35,Matt,Evil,Win,7,LfSSyX,MShWa,Lf,S,Sh,P,F,F,F,,n/a,evil,
35,Shreyas,Good,Loss,7,LfSSyX,MShWa,Lf,S,Sh,P,F,F,F,,n/a,evil,
35,WillA,Evil,Win,7,LfSSyX,MShWa,Lf,S,Sh,P,F,F,F,,n/a,evil,
35,Sam,Good,Loss,7,LfSSyX,MShWa,Lf,S,Sh,P,F,F,F,,n/a,evil,
35,Shruti,Evil,Win,7,LfSSyX,MShWa,Lf,S,Sh,P,F,F,F,,n/a,evil,
35,LorenzoF,Good,Loss,7,LfSSyX,MShWa,Lf,S,Sh,P,F,F,F,,n/a,evil,
35,Xavier,Good,Loss,7,LfSSyX,MShWa,Lf,S,Sh,P,F,F,F,,n/a,evil,
36,Matt,Good,Win,7,LfMSSh,SyWaX,Sh,Lf,X,P,P,F,P,,fail,good,shreyas forgot to double fail m4
36,Shreyas,Evil,Loss,7,LfMSSh,SyWaX,Sh,Lf,X,P,P,F,P,,fail,good,shreyas forgot to double fail m4
36,WillA,Evil,Loss,7,LfMSSh,SyWaX,Sh,Lf,X,P,P,F,P,,fail,good,shreyas forgot to double fail m4
36,Sam,Good,Win,7,LfMSSh,SyWaX,Sh,Lf,X,P,P,F,P,,fail,good,shreyas forgot to double fail m4
36,Shruti,Good,Win,7,LfMSSh,SyWaX,Sh,Lf,X,P,P,F,P,,fail,good,shreyas forgot to double fail m4
36,LorenzoF,Good,Win,7,LfMSSh,SyWaX,Sh,Lf,X,P,P,F,P,,fail,good,shreyas forgot to double fail m4
36,Xavier,Evil,Loss,7,LfMSSh,SyWaX,Sh,Lf,X,P,P,F,P,,fail,good,shreyas forgot to double fail m4
37,Matt,Good,Loss,7,MSSyWa,LfShX,S,M,Lf,P,P,P,,,success,evil,
37,Shreyas,Good,Loss,7,MSSyWa,LfShX,S,M,Lf,P,P,P,,,success,evil,
37,WillA,Good,Loss,7,MSSyWa,LfShX,S,M,Lf,P,P,P,,,success,evil,
37,Sam,Good,Loss,7,MSSyWa,LfShX,S,M,Lf,P,P,P,,,success,evil,
37,Shruti,Evil,Win,7,MSSyWa,LfShX,S,M,Lf,P,P,P,,,success,evil,
37,LorenzoF,Evil,Win,7,MSSyWa,LfShX,S,M,Lf,P,P,P,,,success,evil,
37,Xavier,Evil,Win,7,MSSyWa,LfShX,S,M,Lf,P,P,P,,,success,evil,
38,Matt,Evil,Win,7,LfShWaX,MSSy,X,Sh,S,P,P,P,,,success,evil,
38,Shreyas,Evil,Win,7,LfShWaX,MSSy,X,Sh,S,P,P,P,,,success,evil,
38,WillA,Good,Loss,7,LfShWaX,MSSy,X,Sh,S,P,P,P,,,success,evil,
38,Sam,Evil,Win,7,LfShWaX,MSSy,X,Sh,S,P,P,P,,,success,evil,
38,Shruti,Good,Loss,7,LfShWaX,MSSy,X,Sh,S,P,P,P,,,success,evil,
38,LorenzoF,Good,Loss,7,LfShWaX,MSSy,X,Sh,S,P,P,P,,,success,evil,
38,Xavier,Good,Loss,7,LfShWaX,MSSy,X,Sh,S,P,P,P,,,success,evil,
39,Matt,Evil,Win,7,LfShSyWa,MSX,Lf,Sy,X,P,F,F,P,F,n/a,evil,
39,Shreyas,Good,Loss,7,LfShSyWa,MSX,Lf,Sy,X,P,F,F,P,F,n/a,evil,
39,WillA,Good,Loss,7,LfShSyWa,MSX,Lf,Sy,X,P,F,F,P,F,n/a,evil,
39,Sam,Evil,Win,7,LfShSyWa,MSX,Lf,Sy,X,P,F,F,P,F,n/a,evil,
39,Shruti,Good,Loss,7,LfShSyWa,MSX,Lf,Sy,X,P,F,F,P,F,n/a,evil,
39,LorenzoF,Good,Loss,7,LfShSyWa,MSX,Lf,Sy,X,P,F,F,P,F,n/a,evil,
39,Xavier,Evil,Win,7,LfShSyWa,MSX,Lf,Sy,X,P,F,F,P,F,n/a,evil,
40,Matt,Evil,Loss,7,SShSyWa,LfMX,Wa,S,X,P,P,F,F,P,fail,good,
40,Shreyas,Good,Win,7,SShSyWa,LfMX,Wa,S,X,P,P,F,F,P,fail,good,
40,WillA,Good,Win,7,SShSyWa,LfMX,Wa,S,X,P,P,F,F,P,fail,good,
40,Sam,Good,Win,7,SShSyWa,LfMX,Wa,S,X,P,P,F,F,P,fail,good,
40,Shruti,Good,Win,7,SShSyWa,LfMX,Wa,S,X,P,P,F,F,P,fail,good,
40,LorenzoF,Evil,Loss,7,SShSyWa,LfMX,Wa,S,X,P,P,F,F,P,fail,good,
40,Xavier,Evil,Loss,7,SShSyWa,LfMX,Wa,S,X,P,P,F,F,P,fail,good,
41,Matt,Good,Win,7,LfMShWa,HSX,Lf,Wa,S,F,P,P,P,,fail,good,
41,Harrison,Evil,Loss,7,LfMShWa,HSX,Lf,Wa,S,F,P,P,P,,fail,good,
41,WillA,Good,Win,7,LfMShWa,HSX,Lf,Wa,S,F,P,P,P,,fail,good,
41,Sam,Evil,Loss,7,LfMShWa,HSX,Lf,Wa,S,F,P,P,P,,fail,good,
41,Shruti,Good,Win,7,LfMShWa,HSX,Lf,Wa,S,F,P,P,P,,fail,good,
41,LorenzoF,Good,Win,7,LfMShWa,HSX,Lf,Wa,S,F,P,P,P,,fail,good,
41,Xavier,Evil,Loss,7,LfMShWa,HSX,Lf,Wa,S,F,P,P,P,,fail,good,
42,Matt,Good,Win,8,HMSShSy,LfWaX,Sy,H,Lf,P,F,P,P,,fail,good,
42,Harrison,Good,Win,8,HMSShSy,LfWaX,Sy,H,Lf,P,F,P,P,,fail,good,
42,WillA,Evil,Loss,8,HMSShSy,LfWaX,Sy,H,Lf,P,F,P,P,,fail,good,
42,Sam,Good,Win,8,HMSShSy,LfWaX,Sy,H,Lf,P,F,P,P,,fail,good,
42,Shruti,Good,Win,8,HMSShSy,LfWaX,Sy,H,Lf,P,F,P,P,,fail,good,
42,LorenzoF,Evil,Loss,8,HMSShSy,LfWaX,Sy,H,Lf,P,F,P,P,,fail,good,
42,Xavier,Evil,Loss,8,HMSShSy,LfWaX,Sy,H,Lf,P,F,P,P,,fail,good,
42,Shreyas,Good,Win,8,HMSShSy,LfWaX,Sy,H,Lf,P,F,P,P,,fail,good,
43,Matt,Evil,Win,8,HSShSyX,LfMWa,X,Sh,Lf,F,P,P,P,,success,evil,
43,Harrison,Good,Loss,8,HSShSyX,LfMWa,X,Sh,Lf,F,P,P,P,,success,evil,
43,WillA,Evil,Win,8,HSShSyX,LfMWa,X,Sh,Lf,F,P,P,P,,success,evil,
43,Sam,Good,Loss,8,HSShSyX,LfMWa,X,Sh,Lf,F,P,P,P,,success,evil,
43,Shruti,Good,Loss,8,HSShSyX,LfMWa,X,Sh,Lf,F,P,P,P,,success,evil,
43,LorenzoF,Evil,Win,8,HSShSyX,LfMWa,X,Sh,Lf,F,P,P,P,,success,evil,
43,Xavier,Good,Loss,8,HSShSyX,LfMWa,X,Sh,Lf,F,P,P,P,,success,evil,
43,Shreyas,Good,Loss,8,HSShSyX,LfMWa,X,Sh,Lf,F,P,P,P,,success,evil,
44,Matt,Good,Loss,8,LfMSyWaX,HSSh,Lf,M,S,F,P,P,P,,success,evil,
44,Harrison,Evil,Win,8,LfMSyWaX,HSSh,Lf,M,S,F,P,P,P,,success,evil,
44,WillA,Good,Loss,8,LfMSyWaX,HSSh,Lf,M,S,F,P,P,P,,success,evil,
44,Sam,Evil,Win,8,LfMSyWaX,HSSh,Lf,M,S,F,P,P,P,,success,evil,
44,Shruti,Evil,Win,8,LfMSyWaX,HSSh,Lf,M,S,F,P,P,P,,success,evil,
44,LorenzoF,Good,Loss,8,LfMSyWaX,HSSh,Lf,M,S,F,P,P,P,,success,evil,
44,Xavier,Good,Loss,8,LfMSyWaX,HSSh,Lf,M,S,F,P,P,P,,success,evil,
44,Shreyas,Good,Loss,8,LfMSyWaX,HSSh,Lf,M,S,F,P,P,P,,success,evil,
45,Matt,Evil,Loss,8,HShSyWaX,LfMS,X,H,S,P,F,F,P,P,fail,good,
45,Harrison,Good,Win,8,HShSyWaX,LfMS,X,H,S,P,F,F,P,P,fail,good,
45,WillA,Good,Win,8,HShSyWaX,LfMS,X,H,S,P,F,F,P,P,fail,good,
45,Sam,Evil,Loss,8,HShSyWaX,LfMS,X,H,S,P,F,F,P,P,fail,good,
45,Shruti,Good,Win,8,HShSyWaX,LfMS,X,H,S,P,F,F,P,P,fail,good,
45,LorenzoF,Evil,Loss,8,HShSyWaX,LfMS,X,H,S,P,F,F,P,P,fail,good,
45,Xavier,Good,Win,8,HShSyWaX,LfMS,X,H,S,P,F,F,P,P,fail,good,
45,Shreyas,Good,Win,8,HShSyWaX,LfMS,X,H,S,P,F,F,P,P,fail,good,
46,Matt,Evil,Win,8,HLfShWaX,MSSy,Wa,H,M,P,F,P,P,,success,evil,
46,Harrison,Good,Loss,8,HLfShWaX,MSSy,Wa,H,M,P,F,P,P,,success,evil,
46,WillA,Good,Loss,8,HLfShWaX,MSSy,Wa,H,M,P,F,P,P,,success,evil,
46,Sam,Evil,Win,8,HLfShWaX,MSSy,Wa,H,M,P,F,P,P,,success,evil,
46,Shruti,Good,Loss,8,HLfShWaX,MSSy,Wa,H,M,P,F,P,P,,success,evil,
46,LorenzoF,Good,Loss,8,HLfShWaX,MSSy,Wa,H,M,P,F,P,P,,success,evil,
46,Xavier,Good,Loss,8,HLfShWaX,MSSy,Wa,H,M,P,F,P,P,,success,evil,
46,Shreyas,Evil,Win,8,HLfShWaX,MSSy,Wa,H,M,P,F,P,P,,success,evil,
47,Matt,Evil,Win,8,HLfSWaX,MShSy,H,X,Sh,F,F,P,P,P,success,evil,
47,Harrison,Good,Loss,8,HLfSWaX,MShSy,H,X,Sh,F,F,P,P,P,success,evil,
47,WillA,Good,Loss,8,HLfSWaX,MShSy,H,X,Sh,F,F,P,P,P,success,evil,
47,Sam,Good,Loss,8,HLfSWaX,MShSy,H,X,Sh,F,F,P,P,P,success,evil,
47,Shruti,Evil,Win,8,HLfSWaX,MShSy,H,X,Sh,F,F,P,P,P,success,evil,
47,LorenzoF,Good,Loss,8,HLfSWaX,MShSy,H,X,Sh,F,F,P,P,P,success,evil,
47,Xavier,Good,Loss,8,HLfSWaX,MShSy,H,X,Sh,F,F,P,P,P,success,evil,
47,Shreyas,Evil,Win,8,HLfSWaX,MShSy,H,X,Sh,F,F,P,P,P,success,evil,
48,Matt,Evil,Win,7,HShSyX,LfMWa,H,Sy,Wa,P,F,P,P,,success,evil,
48,Harrison,Good,Loss,7,HShSyX,LfMWa,H,Sy,Wa,P,F,P,P,,success,evil,
48,WillA,Evil,Win,7,HShSyX,LfMWa,H,Sy,Wa,P,F,P,P,,success,evil,
48,Shruti,Good,Loss,7,HShSyX,LfMWa,H,Sy,Wa,P,F,P,P,,success,evil,
48,LorenzoF,Evil,Win,7,HShSyX,LfMWa,H,Sy,Wa,P,F,P,P,,success,evil,
48,Xavier,Good,Loss,7,HShSyX,LfMWa,H,Sy,Wa,P,F,P,P,,success,evil,
48,Shreyas,Good,Loss,7,HShSyX,LfMWa,H,Sy,Wa,P,F,P,P,,success,evil,
49,Matt,Good,Win,7,HLfMSh,SyWaX,Lf,H,Sy,P,F,P,F,P,fail,good,
49,Harrison,Good,Win,7,HLfMSh,SyWaX,Lf,H,Sy,P,F,P,F,P,fail,good,
49,WillA,Evil,Loss,7,HLfMSh,SyWaX,Lf,H,Sy,P,F,P,F,P,fail,good,
49,Shruti,Good,Win,7,HLfMSh,SyWaX,Lf,H,Sy,P,F,P,F,P,fail,good,
49,LorenzoF,Good,Win,7,HLfMSh,SyWaX,Lf,H,Sy,P,F,P,F,P,fail,good,
49,Xavier,Evil,Loss,7,HLfMSh,SyWaX,Lf,H,Sy,P,F,P,F,P,fail,good,
49,Shreyas,Evil,Loss,7,HLfMSh,SyWaX,Lf,H,Sy,P,F,P,F,P,fail,good,
50,Matt,Good,Win,7,HMShWa,LfSyX,H,Sh,Lf,P,P,P,,,fail,good,
50,Harrison,Good,Win,7,HMShWa,LfSyX,H,Sh,Lf,P,P,P,,,fail,good,
50,WillA,Good,Win,7,HMShWa,LfSyX,H,Sh,Lf,P,P,P,,,fail,good,
50,Shruti,Good,Win,7,HMShWa,LfSyX,H,Sh,Lf,P,P,P,,,fail,good,
50,LorenzoF,Evil,Loss,7,HMShWa,LfSyX,H,Sh,Lf,P,P,P,,,fail,good,
50,Xavier,Evil,Loss,7,HMShWa,LfSyX,H,Sh,Lf,P,P,P,,,fail,good,
50,Shreyas,Evil,Loss,7,HMShWa,LfSyX,H,Sh,Lf,P,P,P,,,fail,good,
51,Matt,Good,Loss,7,HLfMSh,SyWaX,M,Sh,Wa,P,F,F,P,P,success,evil,
51,Harrison,Good,Loss,7,HLfMSh,SyWaX,M,Sh,Wa,P,F,F,P,P,success,evil,
51,WillA,Evil,Win,7,HLfMSh,SyWaX,M,Sh,Wa,P,F,F,P,P,success,evil,
51,Shruti,Good,Loss,7,HLfMSh,SyWaX,M,Sh,Wa,P,F,F,P,P,success,evil,
51,LorenzoF,Good,Loss,7,HLfMSh,SyWaX,M,Sh,Wa,P,F,F,P,P,success,evil,
51,Xavier,Evil,Win,7,HLfMSh,SyWaX,M,Sh,Wa,P,F,F,P,P,success,evil,
51,Shreyas,Evil,Win,7,HLfMSh,SyWaX,M,Sh,Wa,P,F,F,P,P,success,evil,
52,Matt,Good,Win,7,LfMWaX,HShSy,Wa,Lf,Sy,F,P,P,P,,fail,good,
52,Harrison,Evil,Loss,7,LfMWaX,HShSy,Wa,Lf,Sy,F,P,P,P,,fail,good,
52,WillA,Good,Win,7,LfMWaX,HShSy,Wa,Lf,Sy,F,P,P,P,,fail,good,
52,Shruti,Evil,Loss,7,LfMWaX,HShSy,Wa,Lf,Sy,F,P,P,P,,fail,good,
52,LorenzoF,Good,Win,7,LfMWaX,HShSy,Wa,Lf,Sy,F,P,P,P,,fail,good,
52,Xavier,Good,Win,7,LfMWaX,HShSy,Wa,Lf,Sy,F,P,P,P,,fail,good,
52,Shreyas,Evil,Loss,7,LfMWaX,HShSy,Wa,Lf,Sy,F,P,P,P,,fail,good,
53,Matt,Good,Win,7,HLfMSy,ShWaX,Sy,Lf,Wa,P,F,P,P,,fail,good,
53,Harrison,Good,Win,7,HLfMSy,ShWaX,Sy,Lf,Wa,P,F,P,P,,fail,good,
53,WillA,Evil,Loss,7,HLfMSy,ShWaX,Sy,Lf,Wa,P,F,P,P,,fail,good,
53,Shruti,Evil,Loss,7,HLfMSy,ShWaX,Sy,Lf,Wa,P,F,P,P,,fail,good,
53,LorenzoF,Good,Win,7,HLfMSy,ShWaX,Sy,Lf,Wa,P,F,P,P,,fail,good,
53,Xavier,Evil,Loss,7,HLfMSy,ShWaX,Sy,Lf,Wa,P,F,P,P,,fail,good,
53,Shreyas,Good,Win,7,HLfMSy,ShWaX,Sy,Lf,Wa,P,F,P,P,,fail,good,
54,Matt,Evil,Loss,7,ShSyWaX,HLfM,Wa,Sh,M,P,F,P,P,,fail,good,
54,Harrison,Evil,Loss,7,ShSyWaX,HLfM,Wa,Sh,M,P,F,P,P,,fail,good,
54,WillA,Good,Win,7,ShSyWaX,HLfM,Wa,Sh,M,P,F,P,P,,fail,good,
54,Shruti,Good,Win,7,ShSyWaX,HLfM,Wa,Sh,M,P,F,P,P,,fail,good,
54,LorenzoF,Evil,Loss,7,ShSyWaX,HLfM,Wa,Sh,M,P,F,P,P,,fail,good,
54,Xavier,Good,Win,7,ShSyWaX,HLfM,Wa,Sh,M,P,F,P,P,,fail,good,
54,Shreyas,Good,Win,7,ShSyWaX,HLfM,Wa,Sh,M,P,F,P,P,,fail,good,
55,Matt,Evil,Win,7,HLfSyWa,MShX,Lf,Wa,Sh,P,P,P,,,success,evil,lmao xavier and i fucked up
55,Harrison,Good,Loss,7,HLfSyWa,MShX,Lf,Wa,Sh,P,P,P,,,success,evil,lmao xavier and i fucked up
55,WillA,Good,Loss,7,HLfSyWa,MShX,Lf,Wa,Sh,P,P,P,,,success,evil,lmao xavier and i fucked up
55,Shruti,Evil,Win,7,HLfSyWa,MShX,Lf,Wa,Sh,P,P,P,,,success,evil,lmao xavier and i fucked up
55,LorenzoF,Good,Loss,7,HLfSyWa,MShX,Lf,Wa,Sh,P,P,P,,,success,evil,lmao xavier and i fucked up
55,Xavier,Evil,Win,7,HLfSyWa,MShX,Lf,Wa,Sh,P,P,P,,,success,evil,lmao xavier and i fucked up
55,Shreyas,Good,Loss,7,HLfSyWa,MShX,Lf,Wa,Sh,P,P,P,,,success,evil,lmao xavier and i fucked up
56,Matt,Evil,Loss,7,HShSyWaX,LfMX,H,Sh,X,P,P,P,,,fail,good,
56,Harrison,Good,Win,7,HShSyWaX,LfMX,H,Sh,X,P,P,P,,,fail,good,
56,WillA,Good,Win,7,HShSyWaX,LfMX,H,Sh,X,P,P,P,,,fail,good,
56,Shruti,Good,Win,7,HShSyWaX,LfMX,H,Sh,X,P,P,P,,,fail,good,
56,LorenzoF,Evil,Loss,7,HShSyWaX,LfMX,H,Sh,X,P,P,P,,,fail,good,
56,Xavier,Evil,Loss,7,HShSyWaX,LfMX,H,Sh,X,P,P,P,,,fail,good,
56,Shreyas,Good,Win,7,HShSyWaX,LfMX,H,Sh,X,P,P,P,,,fail,good,
57,Matt,Good,Win,7,HMShX,LfSyWa,H,X,Lf,P,P,P,,,fail,good,
57,Harrison,Good,Win,7,HMShX,LfSyWa,H,X,Lf,P,P,P,,,fail,good,
57,WillA,Evil,Loss,7,HMShX,LfSyWa,H,X,Lf,P,P,P,,,fail,good,
57,Shruti,Good,Win,7,HMShX,LfSyWa,H,X,Lf,P,P,P,,,fail,good,
57,LorenzoF,Evil,Loss,7,HMShX,LfSyWa,H,X,Lf,P,P,P,,,fail,good,
57,Xavier,Good,Win,7,HMShX,LfSyWa,H,X,Lf,P,P,P,,,fail,good,
57,Shreyas,Evil,Loss,7,HMShX,LfSyWa,H,X,Lf,P,P,P,,,fail,good,
58,Matt,Evil,Win,7,ShSyWaX,HLfM,Sy,Wa,M,P,F,F,P,P,success,evil,
58,Harrison,Evil,Win,7,ShSyWaX,HLfM,Sy,Wa,M,P,F,F,P,P,success,evil,
58,WillA,Good,Loss,7,ShSyWaX,HLfM,Sy,Wa,M,P,F,F,P,P,success,evil,
58,Shruti,Good,Loss,7,ShSyWaX,HLfM,Sy,Wa,M,P,F,F,P,P,success,evil,
58,LorenzoF,Evil,Win,7,ShSyWaX,HLfM,Sy,Wa,M,P,F,F,P,P,success,evil,
58,Xavier,Good,Loss,7,ShSyWaX,HLfM,Sy,Wa,M,P,F,F,P,P,success,evil,
58,Shreyas,Good,Loss,7,ShSyWaX,HLfM,Sy,Wa,M,P,F,F,P,P,success,evil,
59,Matt,Good,Loss,6,MSyWaX,LfSh,X,n/a,n/a,P,P,F,F,F,n/a,evil,
59,WillA,Good,Loss,6,MSyWaX,LfSh,X,n/a,n/a,P,P,F,F,F,n/a,evil,
59,Shruti,Evil,Win,6,MSyWaX,LfSh,X,n/a,n/a,P,P,F,F,F,n/a,evil,
59,LorenzoF,Evil,Win,6,MSyWaX,LfSh,X,n/a,n/a,P,P,F,F,F,n/a,evil,
59,Xavier,Good,Loss,6,MSyWaX,LfSh,X,n/a,n/a,P,P,F,F,F,n/a,evil,
59,Shreyas,Good,Loss,6,MSyWaX,LfSh,X,n/a,n/a,P,P,F,F,F,n/a,evil,
60,Matt,Good,Loss,6,MShWaX,LfSy,M,n/a,n/a,P,F,P,P,,success,evil,double fail m2
60,WillA,Good,Loss,6,MShWaX,LfSy,M,n/a,n/a,P,F,P,P,,success,evil,
60,Shruti,Good,Loss,6,MShWaX,LfSy,M,n/a,n/a,P,F,P,P,,success,evil,
60,LorenzoF,Evil,Win,6,MShWaX,LfSy,M,n/a,n/a,P,F,P,P,,success,evil,
60,Xavier,Good,Loss,6,MShWaX,LfSy,M,n/a,n/a,P,F,P,P,,success,evil,
60,Shreyas,Evil,Win,6,MShWaX,LfSy,M,n/a,n/a,P,F,P,P,,success,evil,
61,Matt,Good,Loss,6,LfMShWa,SyX,M,n/a,n/a,P,F,F,P,P,success,evil,
61,WillA,Good,Loss,6,LfMShWa,SyX,M,n/a,n/a,P,F,F,P,P,success,evil,
61,Shruti,Good,Loss,6,LfMShWa,SyX,M,n/a,n/a,P,F,F,P,P,success,evil,
61,LorenzoF,Good,Loss,6,LfMShWa,SyX,M,n/a,n/a,P,F,F,P,P,success,evil,
61,Xavier,Evil,Win,6,LfMShWa,SyX,M,n/a,n/a,P,F,F,P,P,success,evil,
61,Shreyas,Evil,Win,6,LfMShWa,SyX,M,n/a,n/a,P,F,F,P,P,success,evil,
62,Matt,Evil,Loss,6,LfShSyWa,MX,Lf,n/a,n/a,P,P,F,P,,fail,good,
62,WillA,Good,Win,6,LfShSyWa,MX,Lf,n/a,n/a,P,P,F,P,,fail,good,
62,Shruti,Good,Win,6,LfShSyWa,MX,Lf,n/a,n/a,P,P,F,P,,fail,good,
62,LorenzoF,Good,Win,6,LfShSyWa,MX,Lf,n/a,n/a,P,P,F,P,,fail,good,
62,Xavier,Evil,Loss,6,LfShSyWa,MX,Lf,n/a,n/a,P,P,F,P,,fail,good,
62,Shreyas,Good,Win,6,LfShSyWa,MX,Lf,n/a,n/a,P,P,F,P,,fail,good,
63,Matt,Good,Win,6,LfMWaX,ShSy,X,n/a,n/a,P,P,F,P,,fail,good,
63,WillA,Good,Win,6,LfMWaX,ShSy,X,n/a,n/a,P,P,F,P,,fail,good,
63,Shruti,Evil,Loss,6,LfMWaX,ShSy,X,n/a,n/a,P,P,F,P,,fail,good,
63,LorenzoF,Good,Win,6,LfMWaX,ShSy,X,n/a,n/a,P,P,F,P,,fail,good,
63,Xavier,Good,Win,6,LfMWaX,ShSy,X,n/a,n/a,P,P,F,P,,fail,good,
63,Shreyas,Evil,Loss,6,LfMWaX,ShSy,X,n/a,n/a,P,P,F,P,,fail,good,
64,Matt,Good,Loss,6,LfMShSy,WaX,Sy,n/a,n/a,P,P,F,F,P,success,evil,
64,WillA,Evil,Win,6,LfMShSy,WaX,Sy,n/a,n/a,P,P,F,F,P,success,evil,
64,Shruti,Good,Loss,6,LfMShSy,WaX,Sy,n/a,n/a,P,P,F,F,P,success,evil,
64,LorenzoF,Good,Loss,6,LfMShSy,WaX,Sy,n/a,n/a,P,P,F,F,P,success,evil,
64,Xavier,Evil,Win,6,LfMShSy,WaX,Sy,n/a,n/a,P,P,F,F,P,success,evil,
64,Shreyas,Good,Loss,6,LfMShSy,WaX,Sy,n/a,n/a,P,P,F,F,P,success,evil,
65,Matt,Evil,Win,6,LfShWaX,MSy,X,n/a,n/a,P,F,F,P,F,n/a,evil,proud of this one
65,WillA,Good,Loss,6,LfShWaX,MSy,X,n/a,n/a,P,F,F,P,F,n/a,evil,proud of this one
65,Shruti,Good,Loss,6,LfShWaX,MSy,X,n/a,n/a,P,F,F,P,F,n/a,evil,proud of this one
65,LorenzoF,Good,Loss,6,LfShWaX,MSy,X,n/a,n/a,P,F,F,P,F,n/a,evil,proud of this one
65,Xavier,Good,Loss,6,LfShWaX,MSy,X,n/a,n/a,P,F,F,P,F,n/a,evil,proud of this one
65,Shreyas,Evil,Win,6,LfShWaX,MSy,X,n/a,n/a,P,F,F,P,F,n/a,evil,proud of this one
66,Matt,Evil,Win,6,LfShSyWa,MX,Sy,n/a,n/a,P,P,F,P,,success,evil,we broke shruti
66,WillA,Good,Loss,6,LfShSyWa,MX,Sy,n/a,n/a,P,P,F,P,,success,evil,we broke shruti
66,Shruti,Good,Loss,6,LfShSyWa,MX,Sy,n/a,n/a,P,P,F,P,,success,evil,we broke shruti
66,LorenzoF,Good,Loss,6,LfShSyWa,MX,Sy,n/a,n/a,P,P,F,P,,success,evil,we broke shruti
66,Xavier,Evil,Win,6,LfShSyWa,MX,Sy,n/a,n/a,P,P,F,P,,success,evil,we broke shruti
66,Shreyas,Good,Loss,6,LfShSyWa,MX,Sy,n/a,n/a,P,P,F,P,,success,evil,we broke shruti
67,Matt,Good,Loss,6,HMSyX,ShWa,H,n/a,n/a,P,F,F,F,,n/a,evil,
67,WillA,Evil,Win,6,HMSyX,ShWa,H,n/a,n/a,P,F,F,F,,n/a,evil,
67,Shruti,Evil,Win,6,HMSyX,ShWa,H,n/a,n/a,P,F,F,F,,n/a,evil,
67,Harrison,Good,Loss,6,HMSyX,ShWa,H,n/a,n/a,P,F,F,F,,n/a,evil,
67,Xavier,Good,Loss,6,HMSyX,ShWa,H,n/a,n/a,P,F,F,F,,n/a,evil,
67,Shreyas,Good,Loss,6,HMSyX,ShWa,H,n/a,n/a,P,F,F,F,,n/a,evil,
68,Matt,Good,Win,6,HMShSy,WaX,M,n/a,n/a,P,F,F,P,P,fail,good,
68,WillA,Evil,Loss,6,HMShSy,WaX,M,n/a,n/a,P,F,F,P,P,fail,good,
68,Shruti,Good,Win,6,HMShSy,WaX,M,n/a,n/a,P,F,F,P,P,fail,good,
68,Harrison,Good,Win,6,HMShSy,WaX,M,n/a,n/a,P,F,F,P,P,fail,good,
68,Xavier,Evil,Loss,6,HMShSy,WaX,M,n/a,n/a,P,F,F,P,P,fail,good,
68,Shreyas,Good,Win,6,HMShSy,WaX,M,n/a,n/a,P,F,F,P,P,fail,good,
69,Matt,Good,Win,7,JMShSy,HWaX,Sy,Sh,Wa,P,P,P,,,fail,good,
69,WillA,Evil,Loss,7,JMShSy,HWaX,Sy,Sh,Wa,P,P,P,,,fail,good,
69,Shruti,Good,Win,7,JMShSy,HWaX,Sy,Sh,Wa,P,P,P,,,fail,good,
69,Harrison,Evil,Loss,7,JMShSy,HWaX,Sy,Sh,Wa,P,P,P,,,fail,good,
69,Xavier,Evil,Loss,7,JMShSy,HWaX,Sy,Sh,Wa,P,P,P,,,fail,good,
69,Shreyas,Good,Win,7,JMShSy,HWaX,Sy,Sh,Wa,P,P,P,,,fail,good,
69,Jenny,Good,Win,7,JMShSy,HWaX,Sy,Sh,Wa,P,P,P,,,fail,good,
70,Matt,Good,Loss,7,HMWaX,JShSy,H,Wa,J,P,P,P,,,success,evil,
70,WillA,Good,Loss,7,HMWaX,JShSy,H,Wa,J,P,P,P,,,success,evil,
70,Shruti,Evil,Win,7,HMWaX,JShSy,H,Wa,J,P,P,P,,,success,evil,
70,Harrison,Good,Loss,7,HMWaX,JShSy,H,Wa,J,P,P,P,,,success,evil,
70,Xavier,Good,Loss,7,HMWaX,JShSy,H,Wa,J,P,P,P,,,success,evil,
70,Shreyas,Evil,Win,7,HMWaX,JShSy,H,Wa,J,P,P,P,,,success,evil,
70,Jenny,Evil,Win,7,HMWaX,JShSy,H,Wa,J,P,P,P,,,success,evil,
71,Matt,Evil,Loss,7,HSyWaX,JMSh,Sy,X,J,P,F,F,P,P,fail,good,
71,WillA,Good,Win,7,HSyWaX,JMSh,Sy,X,J,P,F,F,P,P,fail,good,
71,Shruti,Evil,Loss,7,HSyWaX,JMSh,Sy,X,J,P,F,F,P,P,fail,good,
71,Harrison,Good,Win,7,HSyWaX,JMSh,Sy,X,J,P,F,F,P,P,fail,good,
71,Xavier,Good,Win,7,HSyWaX,JMSh,Sy,X,J,P,F,F,P,P,fail,good,
71,Shreyas,Good,Win,7,HSyWaX,JMSh,Sy,X,J,P,F,F,P,P,fail,good,
71,Jenny,Evil,Loss,7,HSyWaX,JMSh,Sy,X,J,P,F,F,P,P,fail,good,
72,Matt,Evil,Win,8,HJOzWaX,MShSy,X,H,Sh,P,F,F,P,P,success,evil,
72,WillA,Good,Loss,8,HJOzWaX,MShSy,X,H,Sh,P,F,F,P,P,success,evil,
72,Shruti,Evil,Win,8,HJOzWaX,MShSy,X,H,Sh,P,F,F,P,P,success,evil,
72,Harrison,Good,Loss,8,HJOzWaX,MShSy,X,H,Sh,P,F,F,P,P,success,evil,
72,Xavier,Good,Loss,8,HJOzWaX,MShSy,X,H,Sh,P,F,F,P,P,success,evil,
72,Shreyas,Evil,Win,8,HJOzWaX,MShSy,X,H,Sh,P,F,F,P,P,success,evil,
72,Jenny,Good,Loss,8,HJOzWaX,MShSy,X,H,Sh,P,F,F,P,P,success,evil,
72,Ozan,Good,Loss,8,HJOzWaX,MShSy,X,H,Sh,P,F,F,P,P,success,evil,
73,Matt,Good,Loss,7,HMShSy,OzWaX,M,H,Oz,P,F,F,P,P,success,evil,
73,WillA,Evil,Win,7,HMShSy,OzWaX,M,H,Oz,P,F,F,P,P,success,evil,
73,Shruti,Good,Loss,7,HMShSy,OzWaX,M,H,Oz,P,F,F,P,P,success,evil,
73,Harrison,Good,Loss,7,HMShSy,OzWaX,M,H,Oz,P,F,F,P,P,success,evil,
73,Xavier,Evil,Win,7,HMShSy,OzWaX,M,H,Oz,P,F,F,P,P,success,evil,
73,Shreyas,Good,Loss,7,HMShSy,OzWaX,M,H,Oz,P,F,F,P,P,success,evil,
73,Ozan,Evil,Win,7,HMShSy,OzWaX,M,H,Oz,P,F,F,P,P,success,evil,
74,Matt,Good,Loss,7,HMShWa,OzSyX,H,Sh,X,P,F,F,F,,n/a,evil,
74,WillA,Good,Loss,7,HMShWa,OzSyX,H,Sh,X,P,F,F,F,,n/a,evil,
74,Shruti,Good,Loss,7,HMShWa,OzSyX,H,Sh,X,P,F,F,F,,n/a,evil,
74,Harrison,Good,Loss,7,HMShWa,OzSyX,H,Sh,X,P,F,F,F,,n/a,evil,
74,Xavier,Evil,Win,7,HMShWa,OzSyX,H,Sh,X,P,F,F,F,,n/a,evil,
74,Shreyas,Evil,Win,7,HMShWa,OzSyX,H,Sh,X,P,F,F,F,,n/a,evil,
74,Ozan,Evil,Win,7,HMShWa,OzSyX,H,Sh,X,P,F,F,F,,n/a,evil,
75,Matt,Evil,Win,7,HOzSyX,MShWa,Oz,X,Wa,F,P,F,P,P,success,evil,
75,WillA,Evil,Win,7,HOzSyX,MShWa,Oz,X,Wa,F,P,F,P,P,success,evil,
75,Shruti,Evil,Win,7,HOzSyX,MShWa,Oz,X,Wa,F,P,F,P,P,success,evil,
75,Harrison,Good,Loss,7,HOzSyX,MShWa,Oz,X,Wa,F,P,F,P,P,success,evil,
75,Xavier,Good,Loss,7,HOzSyX,MShWa,Oz,X,Wa,F,P,F,P,P,success,evil,
75,Shreyas,Good,Loss,7,HOzSyX,MShWa,Oz,X,Wa,F,P,F,P,P,success,evil,
75,Ozan,Good,Loss,7,HOzSyX,MShWa,Oz,X,Wa,F,P,F,P,P,success,evil,
76,Matt,Evil,Loss,7,OzSyWaX,HMSh,Sy,Wa,H,P,F,P,P,,fail,good,
76,WillA,Good,Win,7,OzSyWaX,HMSh,Sy,Wa,H,P,F,P,P,,fail,good,
76,Shruti,Evil,Loss,7,OzSyWaX,HMSh,Sy,Wa,H,P,F,P,P,,fail,good,
76,Harrison,Evil,Loss,7,OzSyWaX,HMSh,Sy,Wa,H,P,F,P,P,,fail,good,
76,Xavier,Good,Win,7,OzSyWaX,HMSh,Sy,Wa,H,P,F,P,P,,fail,good,
76,Shreyas,Good,Win,7,OzSyWaX,HMSh,Sy,Wa,H,P,F,P,P,,fail,good,
76,Ozan,Good,Win,7,OzSyWaX,HMSh,Sy,Wa,H,P,F,P,P,,fail,good,
77,Matt,Good,Win,6,LfMSSh,WaX,Sh,n/a,n/a,P,F,F,P,P,fail,good,
77,Shruti,Good,Win,6,LfMSSh,WaX,Sh,n/a,n/a,P,F,F,P,P,fail,good,
77,LorenzoF,Good,Win,6,LfMSSh,WaX,Sh,n/a,n/a,P,F,F,P,P,fail,good,
77,Xavier,Evil,Loss,6,LfMSSh,WaX,Sh,n/a,n/a,P,F,F,P,P,fail,good,
77,Sam,Good,Win,6,LfMSSh,WaX,Sh,n/a,n/a,P,F,F,P,P,fail,good,
77,WillA,Evil,Loss,6,LfMSSh,WaX,Sh,n/a,n/a,P,F,F,P,P,fail,good,
78,Matt,Evil,Win,7,LfSShSy,MWaX,Sy,Sh,X,P,F,F,P,P,success,evil,
78,Shruti,Good,Loss,7,LfSShSy,MWaX,Sy,Sh,X,P,F,F,P,P,success,evil,
78,LorenzoF,Good,Loss,7,LfSShSy,MWaX,Sy,Sh,X,P,F,F,P,P,success,evil,
78,Xavier,Evil,Win,7,LfSShSy,MWaX,Sy,Sh,X,P,F,F,P,P,success,evil,
78,Sam,Good,Loss,7,LfSShSy,MWaX,Sy,Sh,X,P,F,F,P,P,success,evil,
78,WillA,Evil,Win,7,LfSShSy,MWaX,Sy,Sh,X,P,F,F,P,P,success,evil,
78,Shreyas,Good,Loss,7,LfSShSy,MWaX,Sy,Sh,X,P,F,F,P,P,success,evil,
79,Matt,Evil,Win,7,SShSyWa,LfMX,S,Sh,Lf,P,F,F,P,P,success,evil,
79,Shruti,Good,Loss,7,SShSyWa,LfMX,S,Sh,Lf,P,F,F,P,P,success,evil,
79,LorenzoF,Evil,Win,7,SShSyWa,LfMX,S,Sh,Lf,P,F,F,P,P,success,evil,
79,Xavier,Evil,Win,7,SShSyWa,LfMX,S,Sh,Lf,P,F,F,P,P,success,evil,
79,Sam,Good,Loss,7,SShSyWa,LfMX,S,Sh,Lf,P,F,F,P,P,success,evil,
79,WillA,Good,Loss,7,SShSyWa,LfMX,S,Sh,Lf,P,F,F,P,P,success,evil,
79,Shreyas,Good,Loss,7,SShSyWa,LfMX,S,Sh,Lf,P,F,F,P,P,success,evil,
80,Matt,Good,Loss,7,MOzShWa,SSyX,M,Sh,Sy,P,F,F,P,P,success,evil,
80,Shruti,Good,Loss,7,MOzShWa,SSyX,M,Sh,Sy,P,F,F,P,P,success,evil,
80,Ozan,Good,Loss,7,MOzShWa,SSyX,M,Sh,Sy,P,F,F,P,P,success,evil,
80,Xavier,Evil,Win,7,MOzShWa,SSyX,M,Sh,Sy,P,F,F,P,P,success,evil,
80,Sam,Evil,Win,7,MOzShWa,SSyX,M,Sh,Sy,P,F,F,P,P,success,evil,
80,WillA,Good,Loss,7,MOzShWa,SSyX,M,Sh,Sy,P,F,F,P,P,success,evil,
80,Shreyas,Evil,Win,7,MOzShWa,SSyX,M,Sh,Sy,P,F,F,P,P,success,evil,
81,Matt,Good,Win,6,MOzShSy,WaX,M,n/a,n/a,P,F,F,P,P,fail,good,
81,Shruti,Good,Win,6,MOzShSy,WaX,M,n/a,n/a,P,F,F,P,P,fail,good,
81,Ozan,Good,Win,6,MOzShSy,WaX,M,n/a,n/a,P,F,F,P,P,fail,good,
81,Xavier,Evil,Loss,6,MOzShSy,WaX,M,n/a,n/a,P,F,F,P,P,fail,good,
81,WillA,Evil,Loss,6,MOzShSy,WaX,M,n/a,n/a,P,F,F,P,P,fail,good,
81,Shreyas,Good,Win,6,MOzShSy,WaX,M,n/a,n/a,P,F,F,P,P,fail,good,
82,Matt,Evil,Loss,7,ShSyWaX,MOsOz,Sy,Sh,Os,P,F,P,P,,fail,good,
82,Shruti,Good,Win,7,ShSyWaX,MOsOz,Sy,Sh,Os,P,F,P,P,,fail,good,
82,Ozan,Evil,Loss,7,ShSyWaX,MOsOz,Sy,Sh,Os,P,F,P,P,,fail,good,
82,Xavier,Good,Win,7,ShSyWaX,MOsOz,Sy,Sh,Os,P,F,P,P,,fail,good,
82,WillA,Good,Win,7,ShSyWaX,MOsOz,Sy,Sh,Os,P,F,P,P,,fail,good,
82,Shreyas,Good,Win,7,ShSyWaX,MOsOz,Sy,Sh,Os,P,F,P,P,,fail,good,
82,Osmond,Evil,Loss,7,ShSyWaX,MOsOz,Sy,Sh,Os,P,F,P,P,,fail,good,
83,Matt,Good,Win,7,MOsShWa,OzSyX,Sh,Wa,X,P,P,P,,,fail,good,
83,Shruti,Good,Win,7,MOsShWa,OzSyX,Sh,Wa,X,P,P,P,,,fail,good,
83,Ozan,Evil,Loss,7,MOsShWa,OzSyX,Sh,Wa,X,P,P,P,,,fail,good,
83,Xavier,Evil,Loss,7,MOsShWa,OzSyX,Sh,Wa,X,P,P,P,,,fail,good,
83,WillA,Good,Win,7,MOsShWa,OzSyX,Sh,Wa,X,P,P,P,,,fail,good,
83,Shreyas,Evil,Loss,7,MOsShWa,OzSyX,Sh,Wa,X,P,P,P,,,fail,good,
83,Osmond,Good,Win,7,MOsShWa,OzSyX,Sh,Wa,X,P,P,P,,,fail,good,
84,Matt,Evil,Win,7,OzShWaX,MSyX,Wa,Oz,M,P,F,F,P,P,success,evil,ozzy percival declared m2
84,Shruti,Good,Loss,7,OzShWaX,MSyX,Wa,Oz,M,P,F,F,P,P,success,evil,ozzy percival declared m3
84,Ozan,Good,Loss,7,OzShWaX,MSyX,Wa,Oz,M,P,F,F,P,P,success,evil,ozzy percival declared m4
84,Xavier,Evil,Win,7,OzShWaX,MSyX,Wa,Oz,M,P,F,F,P,P,success,evil,ozzy percival declared m5
84,WillA,Good,Loss,7,OzShWaX,MSyX,Wa,Oz,M,P,F,F,P,P,success,evil,ozzy percival declared m6
84,Shreyas,Evil,Win,7,OzShWaX,MSyX,Wa,Oz,M,P,F,F,P,P,success,evil,ozzy percival declared m7
84,Osmond,Good,Loss,7,OzShWaX,MSyX,Wa,Oz,M,P,F,F,P,P,success,evil,ozzy percival declared m8
85,Matt,Good,Win,7,MOzSyWa,OsShX,Wa,Oz,Os,P,F,P,P,,fail,good,ozzy percival declared m2
85,Shruti,Evil,Loss,7,MOzSyWa,OsShX,Wa,Oz,Os,P,F,P,P,,fail,good,ozzy percival declared m3
85,Ozan,Good,Win,7,MOzSyWa,OsShX,Wa,Oz,Os,P,F,P,P,,fail,good,ozzy percival declared m4
85,Xavier,Evil,Loss,7,MOzSyWa,OsShX,Wa,Oz,Os,P,F,P,P,,fail,good,ozzy percival declared m5
85,WillA,Good,Win,7,MOzSyWa,OsShX,Wa,Oz,Os,P,F,P,P,,fail,good,ozzy percival declared m6
85,Shreyas,Good,Win,7,MOzSyWa,OsShX,Wa,Oz,Os,P,F,P,P,,fail,good,ozzy percival declared m7
85,Osmond,Evil,Loss,7,MOzSyWa,OsShX,Wa,Oz,Os,P,F,P,P,,fail,good,ozzy percival declared m8
86,Matt,Good,Loss,7,MOsOzX,ShSyWa,Os,M,Sy,P,F,F,P,F,n/a,evil,matt is stupid
86,Shruti,Evil,Win,7,MOsOzX,ShSyWa,Os,M,Sy,P,F,F,P,F,n/a,evil,matt is stupid
86,Ozan,Good,Loss,7,MOsOzX,ShSyWa,Os,M,Sy,P,F,F,P,F,n/a,evil,matt is stupid
86,Xavier,Good,Loss,7,MOsOzX,ShSyWa,Os,M,Sy,P,F,F,P,F,n/a,evil,matt is stupid
86,WillA,Evil,Win,7,MOsOzX,ShSyWa,Os,M,Sy,P,F,F,P,F,n/a,evil,matt is stupid
86,Shreyas,Evil,Win,7,MOsOzX,ShSyWa,Os,M,Sy,P,F,F,P,F,n/a,evil,matt is stupid
86,Osmond,Good,Loss,7,MOsOzX,ShSyWa,Os,M,Sy,P,F,F,P,F,n/a,evil,matt is stupid
87,Matt,Evil,Win,7,ShTWaX,LfMS,T,Sh,M,P,F,P,P,,success,evil,
87,Shruti,Good,Loss,7,ShTWaX,LfMS,T,Sh,M,P,F,P,P,,success,evil,
87,WillA,Good,Loss,7,ShTWaX,LfMS,T,Sh,M,P,F,P,P,,success,evil,
87,Sam,Evil,Win,7,ShTWaX,LfMS,T,Sh,M,P,F,P,P,,success,evil,
87,LorenzoF,Evil,Win,7,ShTWaX,LfMS,T,Sh,M,P,F,P,P,,success,evil,
87,Xavier,Good,Loss,7,ShTWaX,LfMS,T,Sh,M,P,F,P,P,,success,evil,
87,Tejal,Good,Loss,7,ShTWaX,LfMS,T,Sh,M,P,F,P,P,,success,evil,
88,Matt,Good,Win,7,MShTWa,LfSX,T,M,X,P,P,F,P,,fail,good,
88,Shruti,Good,Win,7,MShTWa,LfSX,T,M,X,P,P,F,P,,fail,good,
88,WillA,Good,Win,7,MShTWa,LfSX,T,M,X,P,P,F,P,,fail,good,
88,Sam,Evil,Loss,7,MShTWa,LfSX,T,M,X,P,P,F,P,,fail,good,
88,LorenzoF,Evil,Loss,7,MShTWa,LfSX,T,M,X,P,P,F,P,,fail,good,
88,Xavier,Evil,Loss,7,MShTWa,LfSX,T,M,X,P,P,F,P,,fail,good,
88,Tejal,Good,Win,7,MShTWa,LfSX,T,M,X,P,P,F,P,,fail,good,
89,Matt,Good,Loss,7,MSTWa,LfShX,Wa,M,X,P,F,F,P,P,success,evil,
89,Shruti,Evil,Win,7,MSTWa,LfShX,Wa,M,X,P,F,F,P,P,success,evil,
89,WillA,Good,Loss,7,MSTWa,LfShX,Wa,M,X,P,F,F,P,P,success,evil,
89,Sam,Good,Loss,7,MSTWa,LfShX,Wa,M,X,P,F,F,P,P,success,evil,
89,LorenzoF,Evil,Win,7,MSTWa,LfShX,Wa,M,X,P,F,F,P,P,success,evil,
89,Xavier,Evil,Win,7,MSTWa,LfShX,Wa,M,X,P,F,F,P,P,success,evil,
89,Tejal,Good,Loss,7,MSTWa,LfShX,Wa,M,X,P,F,F,P,P,success,evil,
90,Matt,Evil,Win,7,LfShTX,MSWa,T,X,M,P,F,F,P,F,n/a,evil,i fooled xavier
90,Shruti,Good,Loss,7,LfShTX,MSWa,T,X,M,P,F,F,P,F,n/a,evil,i fooled xavier
90,WillA,Evil,Win,7,LfShTX,MSWa,T,X,M,P,F,F,P,F,n/a,evil,i fooled xavier
90,Sam,Evil,Win,7,LfShTX,MSWa,T,X,M,P,F,F,P,F,n/a,evil,i fooled xavier
90,LorenzoF,Good,Loss,7,LfShTX,MSWa,T,X,M,P,F,F,P,F,n/a,evil,i fooled xavier
90,Xavier,Good,Loss,7,LfShTX,MSWa,T,X,M,P,F,F,P,F,n/a,evil,i fooled xavier
90,Tejal,Good,Loss,7,LfShTX,MSWa,T,X,M,P,F,F,P,F,n/a,evil,i fooled xavier
91,Matt,Evil,Win,7,LfShTX,MSWa,Sh,Lf,S,P,F,F,F,,n/a,evil,sam fooled lorenzo
91,Shruti,Good,Loss,7,LfShTX,MSWa,Sh,Lf,S,P,F,F,F,,n/a,evil,sam fooled lorenzo
91,WillA,Evil,Win,7,LfShTX,MSWa,Sh,Lf,S,P,F,F,F,,n/a,evil,sam fooled lorenzo
91,Sam,Evil,Win,7,LfShTX,MSWa,Sh,Lf,S,P,F,F,F,,n/a,evil,sam fooled lorenzo
91,LorenzoF,Good,Loss,7,LfShTX,MSWa,Sh,Lf,S,P,F,F,F,,n/a,evil,sam fooled lorenzo
91,Xavier,Good,Loss,7,LfShTX,MSWa,Sh,Lf,S,P,F,F,F,,n/a,evil,sam fooled lorenzo
91,Tejal,Good,Loss,7,LfShTX,MSWa,Sh,Lf,S,P,F,F,F,,n/a,evil,sam fooled lorenzo
92,Matt,Evil,Loss,7,LfShTX,MSWa,T,X,Wa,P,F,P,P,,fail,good,shruti meme declared
92,Shruti,Good,Win,7,LfShTX,MSWa,T,X,Wa,P,F,P,P,,fail,good,shruti meme declared
92,WillA,Evil,Loss,7,LfShTX,MSWa,T,X,Wa,P,F,P,P,,fail,good,shruti meme declared
92,Sam,Evil,Loss,7,LfShTX,MSWa,T,X,Wa,P,F,P,P,,fail,good,shruti meme declared
92,LorenzoF,Good,Win,7,LfShTX,MSWa,T,X,Wa,P,F,P,P,,fail,good,shruti meme declared
92,Xavier,Good,Win,7,LfShTX,MSWa,T,X,Wa,P,F,P,P,,fail,good,shruti meme declared
92,Tejal,Good,Win,7,LfShTX,MSWa,T,X,Wa,P,F,P,P,,fail,good,shruti meme declared
93,Matt,Good,Loss,7,LfMShT,SWaX,Lf,M,Wa,P,F,P,F,F,n/a,evil,i got tricked
93,Shruti,Good,Loss,7,LfMShT,SWaX,Lf,M,Wa,P,F,P,F,F,n/a,evil,i got tricked
93,WillA,Evil,Win,7,LfMShT,SWaX,Lf,M,Wa,P,F,P,F,F,n/a,evil,i got tricked
93,Sam,Evil,Win,7,LfMShT,SWaX,Lf,M,Wa,P,F,P,F,F,n/a,evil,i got tricked
93,LorenzoF,Good,Loss,7,LfMShT,SWaX,Lf,M,Wa,P,F,P,F,F,n/a,evil,i got tricked
93,Xavier,Evil,Win,7,LfMShT,SWaX,Lf,M,Wa,P,F,P,F,F,n/a,evil,i got tricked
93,Tejal,Good,Loss,7,LfMShT,SWaX,Lf,M,Wa,P,F,P,F,F,n/a,evil,i got tricked
94,Matt,Evil,Win,7,LfTWaX,MSSh,Lf,T,Sh,P,F,F,P,F,n/a,evil,
94,Shruti,Evil,Win,7,LfTWaX,MSSh,Lf,T,Sh,P,F,F,P,F,n/a,evil,
94,WillA,Good,Loss,7,LfTWaX,MSSh,Lf,T,Sh,P,F,F,P,F,n/a,evil,
94,Sam,Evil,Win,7,LfTWaX,MSSh,Lf,T,Sh,P,F,F,P,F,n/a,evil,
94,LorenzoF,Good,Loss,7,LfTWaX,MSSh,Lf,T,Sh,P,F,F,P,F,n/a,evil,
94,Xavier,Good,Loss,7,LfTWaX,MSSh,Lf,T,Sh,P,F,F,P,F,n/a,evil,
94,Tejal,Good,Loss,7,LfTWaX,MSSh,Lf,T,Sh,P,F,F,P,F,n/a,evil,
95,Matt,Good,Loss,8,MSSyTWa,LfShX,S,Wa,X,F,F,P,P,P,success,evil,
95,Shruti,Evil,Win,8,MSSyTWa,LfShX,S,Wa,X,F,F,P,P,P,success,evil,
95,WillA,Good,Loss,8,MSSyTWa,LfShX,S,Wa,X,F,F,P,P,P,success,evil,
95,Sam,Good,Loss,8,MSSyTWa,LfShX,S,Wa,X,F,F,P,P,P,success,evil,
95,LorenzoF,Evil,Win,8,MSSyTWa,LfShX,S,Wa,X,F,F,P,P,P,success,evil,
95,Xavier,Evil,Win,8,MSSyTWa,LfShX,S,Wa,X,F,F,P,P,P,success,evil,
95,Tejal,Good,Loss,8,MSSyTWa,LfShX,S,Wa,X,F,F,P,P,P,success,evil,
95,Shreyas,Good,Loss,8,MSSyTWa,LfShX,S,Wa,X,F,F,P,P,P,success,evil,
96,Matt,Good,Loss,8,LfMShTWa,SSyX,Sh,Lf,X,F,P,P,P,,success,evil,
96,Shruti,Good,Loss,8,LfMShTWa,SSyX,Sh,Lf,X,F,P,P,P,,success,evil,
96,WillA,Good,Loss,8,LfMShTWa,SSyX,Sh,Lf,X,F,P,P,P,,success,evil,
96,Sam,Evil,Win,8,LfMShTWa,SSyX,Sh,Lf,X,F,P,P,P,,success,evil,
96,LorenzoF,Good,Loss,8,LfMShTWa,SSyX,Sh,Lf,X,F,P,P,P,,success,evil,
96,Xavier,Evil,Win,8,LfMShTWa,SSyX,Sh,Lf,X,F,P,P,P,,success,evil,
96,Tejal,Good,Loss,8,LfMShTWa,SSyX,Sh,Lf,X,F,P,P,P,,success,evil,
96,Shreyas,Evil,Win,8,LfMShTWa,SSyX,Sh,Lf,X,F,P,P,P,,success,evil,
97,Matt,Good,Loss,7,MShSyX,LfOzWa,Sy,X,Wa,P,F,F,F,,n/a,evil,
97,Shruti,Good,Loss,7,MShSyX,LfOzWa,Sy,X,Wa,P,F,F,F,,n/a,evil,
97,WillA,Evil,Win,7,MShSyX,LfOzWa,Sy,X,Wa,P,F,F,F,,n/a,evil,
97,LorenzoF,Evil,Win,7,MShSyX,LfOzWa,Sy,X,Wa,P,F,F,F,,n/a,evil,
97,Xavier,Good,Loss,7,MShSyX,LfOzWa,Sy,X,Wa,P,F,F,F,,n/a,evil,
97,Shreyas,Good,Loss,7,MShSyX,LfOzWa,Sy,X,Wa,P,F,F,F,,n/a,evil,
97,Ozan,Evil,Win,7,MShSyX,LfOzWa,Sy,X,Wa,P,F,F,F,,n/a,evil,
98,Matt,Good,Loss,7,MOzSyWa,LfShX,Oz,Sy,X,P,F,F,P,P,success,evil,
98,Shruti,Evil,Win,7,MOzSyWa,LfShX,Oz,Sy,X,P,F,F,P,P,success,evil,
98,WillA,Good,Loss,7,MOzSyWa,LfShX,Oz,Sy,X,P,F,F,P,P,success,evil,
98,LorenzoF,Evil,Win,7,MOzSyWa,LfShX,Oz,Sy,X,P,F,F,P,P,success,evil,
98,Xavier,Evil,Win,7,MOzSyWa,LfShX,Oz,Sy,X,P,F,F,P,P,success,evil,
98,Shreyas,Good,Loss,7,MOzSyWa,LfShX,Oz,Sy,X,P,F,F,P,P,success,evil,
98,Ozan,Good,Loss,7,MOzSyWa,LfShX,Oz,Sy,X,P,F,F,P,P,success,evil,
99,Matt,Evil,Win,7,LfSyWaX,MOzSh,Lf,Sy,Oz,P,F,F,P,P,success,evil,
99,Shruti,Evil,Win,7,LfSyWaX,MOzSh,Lf,Sy,Oz,P,F,F,P,P,success,evil,
99,WillA,Good,Loss,7,LfSyWaX,MOzSh,Lf,Sy,Oz,P,F,F,P,P,success,evil,
99,LorenzoF,Good,Loss,7,LfSyWaX,MOzSh,Lf,Sy,Oz,P,F,F,P,P,success,evil,
99,Xavier,Good,Loss,7,LfSyWaX,MOzSh,Lf,Sy,Oz,P,F,F,P,P,success,evil,
99,Shreyas,Good,Loss,7,LfSyWaX,MOzSh,Lf,Sy,Oz,P,F,F,P,P,success,evil,
99,Ozan,Evil,Win,7,LfSyWaX,MOzSh,Lf,Sy,Oz,P,F,F,P,P,success,evil,
100,Matt,Evil,Win,7,LfOzShWa,MSyX,Oz,Wa,Sy,P,F,P,P,,success,evil,
100,Shruti,Good,Loss,7,LfOzShWa,MSyX,Oz,Wa,Sy,P,F,P,P,,success,evil,
100,WillA,Good,Loss,7,LfOzShWa,MSyX,Oz,Wa,Sy,P,F,P,P,,success,evil,
100,LorenzoF,Good,Loss,7,LfOzShWa,MSyX,Oz,Wa,Sy,P,F,P,P,,success,evil,
100,Xavier,Evil,Win,7,LfOzShWa,MSyX,Oz,Wa,Sy,P,F,P,P,,success,evil,
100,Shreyas,Evil,Win,7,LfOzShWa,MSyX,Oz,Wa,Sy,P,F,P,P,,success,evil,
100,Ozan,Good,Loss,7,LfOzShWa,MSyX,Oz,Wa,Sy,P,F,P,P,,success,evil,
101,Matt,Good,Loss,7,MShTX,SOzWa,Sh,M,Wa,P,F,F,P,F,n/a,evil,
101,Shruti,Good,Loss,7,MShTX,SOzWa,Sh,M,Wa,P,F,F,P,F,n/a,evil,
101,WillA,Evil,Win,7,MShTX,SOzWa,Sh,M,Wa,P,F,F,P,F,n/a,evil,
101,Sam,Evil,Win,7,MShTX,SOzWa,Sh,M,Wa,P,F,F,P,F,n/a,evil,
101,Ozan,Evil,Win,7,MShTX,SOzWa,Sh,M,Wa,P,F,F,P,F,n/a,evil,
101,Xavier,Good,Loss,7,MShTX,SOzWa,Sh,M,Wa,P,F,F,P,F,n/a,evil,
101,Tejal,Good,Loss,7,MShTX,SOzWa,Sh,M,Wa,P,F,F,P,F,n/a,evil,
102,Matt,Good,Win,7,MOzST,ShWaX,M,Oz,Wa,P,P,F,P,,fail,good,
102,Shruti,Evil,Loss,7,MOzST,ShWaX,M,Oz,Wa,P,P,F,P,,fail,good,
102,WillA,Evil,Loss,7,MOzST,ShWaX,M,Oz,Wa,P,P,F,P,,fail,good,
102,Sam,Good,Win,7,MOzST,ShWaX,M,Oz,Wa,P,P,F,P,,fail,good,
102,Ozan,Good,Win,7,MOzST,ShWaX,M,Oz,Wa,P,P,F,P,,fail,good,
102,Xavier,Evil,Loss,7,MOzST,ShWaX,M,Oz,Wa,P,P,F,P,,fail,good,
102,Tejal,Good,Win,7,MOzST,ShWaX,M,Oz,Wa,P,P,F,P,,fail,good,
103,Matt,Good,Win,7,MOzShT,SWaX,Sh,Oz,Wa,P,F,F,P,P,fail,good,
103,Shruti,Good,Win,7,MOzShT,SWaX,Sh,Oz,Wa,P,F,F,P,P,fail,good,
103,WillA,Evil,Loss,7,MOzShT,SWaX,Sh,Oz,Wa,P,F,F,P,P,fail,good,
103,Sam,Evil,Loss,7,MOzShT,SWaX,Sh,Oz,Wa,P,F,F,P,P,fail,good,
103,Ozan,Good,Win,7,MOzShT,SWaX,Sh,Oz,Wa,P,F,F,P,P,fail,good,
103,Xavier,Evil,Loss,7,MOzShT,SWaX,Sh,Oz,Wa,P,F,F,P,P,fail,good,
103,Tejal,Good,Win,7,MOzShT,SWaX,Sh,Oz,Wa,P,F,F,P,P,fail,good,
104,Matt,Evil,Loss,7,OzSTWa,MShX,S,Wa,Sh,P,F,F,P,P,fail,good,
104,Shruti,Evil,Loss,7,OzSTWa,MShX,S,Wa,Sh,P,F,F,P,P,fail,good,
104,WillA,Good,Win,7,OzSTWa,MShX,S,Wa,Sh,P,F,F,P,P,fail,good,
104,Sam,Good,Win,7,OzSTWa,MShX,S,Wa,Sh,P,F,F,P,P,fail,good,
104,Ozan,Good,Win,7,OzSTWa,MShX,S,Wa,Sh,P,F,F,P,P,fail,good,
104,Xavier,Evil,Loss,7,OzSTWa,MShX,S,Wa,Sh,P,F,F,P,P,fail,good,
104,Tejal,Good,Win,7,OzSTWa,MShX,S,Wa,Sh,P,F,F,P,P,fail,good,
105,Matt,Evil,Loss,7,OzSTWa,MShX,S,T,M,P,F,P,P,,fail,good,xavier man...
105,Shruti,Evil,Loss,7,OzSTWa,MShX,S,T,M,P,F,P,P,,fail,good,xavier man...
105,WillA,Good,Win,7,OzSTWa,MShX,S,T,M,P,F,P,P,,fail,good,xavier man...
105,Sam,Good,Win,7,OzSTWa,MShX,S,T,M,P,F,P,P,,fail,good,xavier man...
105,Ozan,Good,Win,7,OzSTWa,MShX,S,T,M,P,F,P,P,,fail,good,xavier man...
105,Xavier,Evil,Loss,7,OzSTWa,MShX,S,T,M,P,F,P,P,,fail,good,xavier man...
105,Tejal,Good,Win,7,OzSTWa,MShX,S,T,M,P,F,P,P,,fail,good,xavier man...
106,Matt,Good,Win,7,MShWaX,OzST,Sh,X,T,P,F,P,F,P,fail,good,evil triple failed m4
106,Shruti,Good,Win,7,MShWaX,OzST,Sh,X,T,P,F,P,F,P,fail,good,
106,WillA,Good,Win,7,MShWaX,OzST,Sh,X,T,P,F,P,F,P,fail,good,
106,Sam,Evil,Loss,7,MShWaX,OzST,Sh,X,T,P,F,P,F,P,fail,good,
106,Ozan,Evil,Loss,7,MShWaX,OzST,Sh,X,T,P,F,P,F,P,fail,good,
106,Xavier,Good,Win,7,MShWaX,OzST,Sh,X,T,P,F,P,F,P,fail,good,
106,Tejal,Evil,Loss,7,MShWaX,OzST,Sh,X,T,P,F,P,F,P,fail,good,
107,Matt,Evil,Win,7,OzSTX,MShWa,T,Oz,Sh,P,F,F,P,F,n/a,evil,
107,Shruti,Evil,Win,7,OzSTX,MShWa,T,Oz,Sh,P,F,F,P,F,n/a,evil,
107,WillA,Evil,Win,7,OzSTX,MShWa,T,Oz,Sh,P,F,F,P,F,n/a,evil,
107,Sam,Good,Loss,7,OzSTX,MShWa,T,Oz,Sh,P,F,F,P,F,n/a,evil,
107,Ozan,Good,Loss,7,OzSTX,MShWa,T,Oz,Sh,P,F,F,P,F,n/a,evil,
107,Xavier,Good,Loss,7,OzSTX,MShWa,T,Oz,Sh,P,F,F,P,F,n/a,evil,
107,Tejal,Good,Loss,7,OzSTX,MShWa,T,Oz,Sh,P,F,F,P,F,n/a,evil,
108,Matt,Good,Win,7,MSShT,OzWaX,S,M,Oz,P,F,P,P,,fail,good,
108,Shruti,Good,Win,7,MSShT,OzWaX,S,M,Oz,P,F,P,P,,fail,good,
108,WillA,Evil,Loss,7,MSShT,OzWaX,S,M,Oz,P,F,P,P,,fail,good,
108,Sam,Good,Win,7,MSShT,OzWaX,S,M,Oz,P,F,P,P,,fail,good,
108,Ozan,Evil,Loss,7,MSShT,OzWaX,S,M,Oz,P,F,P,P,,fail,good,
108,Xavier,Evil,Loss,7,MSShT,OzWaX,S,M,Oz,P,F,P,P,,fail,good,
108,Tejal,Good,Win,7,MSShT,OzWaX,S,M,Oz,P,F,P,P,,fail,good,
109,Matt,Good,Win,7,MOzST,ShWaX,S,M,Sh,P,F,F,P,P,fail,good,
109,Shruti,Evil,Loss,7,MOzST,ShWaX,S,M,Sh,P,F,F,P,P,fail,good,
109,WillA,Evil,Loss,7,MOzST,ShWaX,S,M,Sh,P,F,F,P,P,fail,good,
109,Sam,Good,Win,7,MOzST,ShWaX,S,M,Sh,P,F,F,P,P,fail,good,
109,Ozan,Good,Win,7,MOzST,ShWaX,S,M,Sh,P,F,F,P,P,fail,good,
109,Xavier,Evil,Loss,7,MOzST,ShWaX,S,M,Sh,P,F,F,P,P,fail,good,
109,Tejal,Good,Win,7,MOzST,ShWaX,S,M,Sh,P,F,F,P,P,fail,good,
110,Matt,Good,Loss,7,MOzShX,STWa,Sh,M,T,P,F,F,P,P,success,evil,
110,Shruti,Good,Loss,7,MOzShX,STWa,Sh,M,T,P,F,F,P,P,success,evil,
110,WillA,Evil,Win,7,MOzShX,STWa,Sh,M,T,P,F,F,P,P,success,evil,
110,Sam,Evil,Win,7,MOzShX,STWa,Sh,M,T,P,F,F,P,P,success,evil,
110,Ozan,Good,Loss,7,MOzShX,STWa,Sh,M,T,P,F,F,P,P,success,evil,
110,Xavier,Good,Loss,7,MOzShX,STWa,Sh,M,T,P,F,F,P,P,success,evil,
110,Tejal,Evil,Win,7,MOzShX,STWa,Sh,M,T,P,F,F,P,P,success,evil,
111,Matt,Good,Loss,7,MOzShWa,STX,Wa,Sh,X,P,F,P,P,,success,evil,
111,Shruti,Good,Loss,7,MOzShWa,STX,Wa,Sh,X,P,F,P,P,,success,evil,
111,WillA,Good,Loss,7,MOzShWa,STX,Wa,Sh,X,P,F,P,P,,success,evil,
111,Sam,Evil,Win,7,MOzShWa,STX,Wa,Sh,X,P,F,P,P,,success,evil,
111,Ozan,Good,Loss,7,MOzShWa,STX,Wa,Sh,X,P,F,P,P,,success,evil,
111,Xavier,Evil,Win,7,MOzShWa,STX,Wa,Sh,X,P,F,P,P,,success,evil,
111,Tejal,Evil,Win,7,MOzShWa,STX,Wa,Sh,X,P,F,P,P,,success,evil,
112,Matt,Evil,Loss,7,OzShTX,MSWa,Sh,T,Wa,P,P,P,,,fail,good,
112,Shruti,Good,Win,7,OzShTX,MSWa,Sh,T,Wa,P,P,P,,,fail,good,
112,WillA,Evil,Loss,7,OzShTX,MSWa,Sh,T,Wa,P,P,P,,,fail,good,
112,Sam,Evil,Loss,7,OzShTX,MSWa,Sh,T,Wa,P,P,P,,,fail,good,
112,Ozan,Good,Win,7,OzShTX,MSWa,Sh,T,Wa,P,P,P,,,fail,good,
112,Xavier,Good,Win,7,OzShTX,MSWa,Sh,T,Wa,P,P,P,,,fail,good,
112,Tejal,Good,Win,7,OzShTX,MSWa,Sh,T,Wa,P,P,P,,,fail,good,
113,Matt,Good,Win,7,MOzST,ShWaX,T,S,Wa,P,F,P,P,,fail,good,
113,Shruti,Evil,Loss,7,MOzST,ShWaX,T,S,Wa,P,F,P,P,,fail,good,
113,WillA,Evil,Loss,7,MOzST,ShWaX,T,S,Wa,P,F,P,P,,fail,good,
113,Sam,Good,Win,7,MOzST,ShWaX,T,S,Wa,P,F,P,P,,fail,good,
113,Ozan,Good,Win,7,MOzST,ShWaX,T,S,Wa,P,F,P,P,,fail,good,
113,Xavier,Evil,Loss,7,MOzST,ShWaX,T,S,Wa,P,F,P,P,,fail,good,
113,Tejal,Good,Win,7,MOzST,ShWaX,T,S,Wa,P,F,P,P,,fail,good,
114,Matt,Good,Win,7,MTWaX,OzSSh,Wa,M,Sh,P,P,P,,,fail,good,
114,Shruti,Evil,Loss,7,MTWaX,OzSSh,Wa,M,Sh,P,P,P,,,fail,good,
114,WillA,Good,Win,7,MTWaX,OzSSh,Wa,M,Sh,P,P,P,,,fail,good,
114,Sam,Evil,Loss,7,MTWaX,OzSSh,Wa,M,Sh,P,P,P,,,fail,good,
114,Ozan,Evil,Loss,7,MTWaX,OzSSh,Wa,M,Sh,P,P,P,,,fail,good,
114,Xavier,Good,Win,7,MTWaX,OzSSh,Wa,M,Sh,P,P,P,,,fail,good,
114,Tejal,Good,Win,7,MTWaX,OzSSh,Wa,M,Sh,P,P,P,,,fail,good,
115,Matt,Good,Win,7,MShTX,OzSWa,T,M,Oz,P,F,F,P,P,fail,good,
115,Shruti,Good,Win,7,MShTX,OzSWa,T,M,Oz,P,F,F,P,P,fail,good,
115,WillA,Evil,Loss,7,MShTX,OzSWa,T,M,Oz,P,F,F,P,P,fail,good,
115,Sam,Evil,Loss,7,MShTX,OzSWa,T,M,Oz,P,F,F,P,P,fail,good,
115,Ozan,Evil,Loss,7,MShTX,OzSWa,T,M,Oz,P,F,F,P,P,fail,good,
115,Xavier,Good,Win,7,MShTX,OzSWa,T,M,Oz,P,F,F,P,P,fail,good,
115,Tejal,Good,Win,7,MShTX,OzSWa,T,M,Oz,P,F,F,P,P,fail,good,
116,Matt,Good,Loss,7,MSSyX,ShTWa,S,M,Wa,P,P,P,,,success,evil,
116,Shruti,Evil,Win,7,MSSyX,ShTWa,S,M,Wa,P,P,P,,,success,evil,
116,WillA,Evil,Win,7,MSSyX,ShTWa,S,M,Wa,P,P,P,,,success,evil,
116,Sam,Good,Loss,7,MSSyX,ShTWa,S,M,Wa,P,P,P,,,success,evil,
116,Shreyas,Good,Loss,7,MSSyX,ShTWa,S,M,Wa,P,P,P,,,success,evil,
116,Xavier,Good,Loss,7,MSSyX,ShTWa,S,M,Wa,P,P,P,,,success,evil,
116,Tejal,Evil,Win,7,MSSyX,ShTWa,S,M,Wa,P,P,P,,,success,evil,
117,Matt,Evil,Loss,7,SSyTX,MShWa,S,Sy,Wa,P,F,P,P,,fail,good,
117,Shruti,Evil,Loss,7,SSyTX,MShWa,S,Sy,Wa,P,F,P,P,,fail,good,
117,WillA,Evil,Loss,7,SSyTX,MShWa,S,Sy,Wa,P,F,P,P,,fail,good,
117,Sam,Good,Win,7,SSyTX,MShWa,S,Sy,Wa,P,F,P,P,,fail,good,
117,Shreyas,Good,Win,7,SSyTX,MShWa,S,Sy,Wa,P,F,P,P,,fail,good,
117,Xavier,Good,Win,7,SSyTX,MShWa,S,Sy,Wa,P,F,P,P,,fail,good,
117,Tejal,Good,Win,7,SSyTX,MShWa,S,Sy,Wa,P,F,P,P,,fail,good,
118,Matt,Good,Win,7,MSShWa,SyTX,Wa,Sh,X,P,F,P,P,,fail,good,
118,Shruti,Good,Win,7,MSShWa,SyTX,Wa,Sh,X,P,F,P,P,,fail,good,
118,WillA,Good,Win,7,MSShWa,SyTX,Wa,Sh,X,P,F,P,P,,fail,good,
118,Sam,Good,Win,7,MSShWa,SyTX,Wa,Sh,X,P,F,P,P,,fail,good,
118,Shreyas,Evil,Loss,7,MSShWa,SyTX,Wa,Sh,X,P,F,P,P,,fail,good,
118,Xavier,Evil,Loss,7,MSShWa,SyTX,Wa,Sh,X,P,F,P,P,,fail,good,
118,Tejal,Evil,Loss,7,MSShWa,SyTX,Wa,Sh,X,P,F,P,P,,fail,good,
119,Matt,Good,Win,8,MSShSyT,LfWaX,T,Sh,Wa,F,F,P,P,P,fail,good,
119,Shruti,Good,Win,8,MSShSyT,LfWaX,T,Sh,Wa,F,F,P,P,P,fail,good,
119,WillA,Evil,Loss,8,MSShSyT,LfWaX,T,Sh,Wa,F,F,P,P,P,fail,good,
119,Sam,Good,Win,8,MSShSyT,LfWaX,T,Sh,Wa,F,F,P,P,P,fail,good,
119,Shreyas,Good,Win,8,MSShSyT,LfWaX,T,Sh,Wa,F,F,P,P,P,fail,good,
119,Xavier,Evil,Loss,8,MSShSyT,LfWaX,T,Sh,Wa,F,F,P,P,P,fail,good,
119,Tejal,Good,Win,8,MSShSyT,LfWaX,T,Sh,Wa,F,F,P,P,P,fail,good,
119,LorenzoF,Evil,Loss,8,MSShSyT,LfWaX,T,Sh,Wa,F,F,P,P,P,fail,good,
120,Matt,Good,Loss,8,MSShSyX,LfTWa,Sh,M,Wa,F,P,P,P,,success,evil,
120,Shruti,Good,Loss,8,MSShSyX,LfTWa,Sh,M,Wa,F,P,P,P,,success,evil,
120,WillA,Evil,Win,8,MSShSyX,LfTWa,Sh,M,Wa,F,P,P,P,,success,evil,
120,Sam,Good,Loss,8,MSShSyX,LfTWa,Sh,M,Wa,F,P,P,P,,success,evil,
120,Shreyas,Good,Loss,8,MSShSyX,LfTWa,Sh,M,Wa,F,P,P,P,,success,evil,
120,Xavier,Good,Loss,8,MSShSyX,LfTWa,Sh,M,Wa,F,P,P,P,,success,evil,
120,Tejal,Evil,Win,8,MSShSyX,LfTWa,Sh,M,Wa,F,P,P,P,,success,evil,
120,LorenzoF,Evil,Win,8,MSShSyX,LfTWa,Sh,M,Wa,F,P,P,P,,success,evil,
121,Matt,Evil,Win,7,LfSShWa,MSyX,Wa,Sh,Sy,P,F,F,P,P,success,evil,
121,Shruti,Good,Loss,7,LfSShWa,MSyX,Wa,Sh,Sy,P,F,F,P,P,success,evil,
121,WillA,Good,Loss,7,LfSShWa,MSyX,Wa,Sh,Sy,P,F,F,P,P,success,evil,
121,Sam,Good,Loss,7,LfSShWa,MSyX,Wa,Sh,Sy,P,F,F,P,P,success,evil,
121,Shreyas,Evil,Win,7,LfSShWa,MSyX,Wa,Sh,Sy,P,F,F,P,P,success,evil,
121,Xavier,Evil,Win,7,LfSShWa,MSyX,Wa,Sh,Sy,P,F,F,P,P,success,evil,
121,LorenzoF,Good,Loss,7,LfSShWa,MSyX,Wa,Sh,Sy,P,F,F,P,P,success,evil,
122,Matt,Evil,Win,7,ShSyWaX,MOzS,Sy,X,Oz,P,F,P,P,,success,evil,
122,Shreyas,Good,Loss,7,ShSyWaX,MOzS,Sy,X,Oz,P,F,P,P,,success,evil,
122,Ozan,Evil,Win,7,ShSyWaX,MOzS,Sy,X,Oz,P,F,P,P,,success,evil,
122,Sam,Evil,Win,7,ShSyWaX,MOzS,Sy,X,Oz,P,F,P,P,,success,evil,
122,Xavier,Good,Loss,7,ShSyWaX,MOzS,Sy,X,Oz,P,F,P,P,,success,evil,
122,WillA,Good,Loss,7,ShSyWaX,MOzS,Sy,X,Oz,P,F,P,P,,success,evil,
122,Shruti,Good,Loss,7,ShSyWaX,MOzS,Sy,X,Oz,P,F,P,P,,success,evil,
123,Matt,Evil,Loss,7,OzSSyX,MShWa,Oz,S,M,P,F,F,P,P,fail,good,
123,Shreyas,Good,Win,7,OzSSyX,MShWa,Oz,S,M,P,F,F,P,P,fail,good,
123,Ozan,Good,Win,7,OzSSyX,MShWa,Oz,S,M,P,F,F,P,P,fail,good,
123,Sam,Good,Win,7,OzSSyX,MShWa,Oz,S,M,P,F,F,P,P,fail,good,
123,Xavier,Good,Win,7,OzSSyX,MShWa,Oz,S,M,P,F,F,P,P,fail,good,
123,WillA,Evil,Loss,7,OzSSyX,MShWa,Oz,S,M,P,F,F,P,P,fail,good,
123,Shruti,Evil,Loss,7,OzSSyX,MShWa,Oz,S,M,P,F,F,P,P,fail,good,
124,Matt,Evil,Win,7,SSyWaX,MOzSh,Sy,X,Sh,P,P,P,,,success,evil,
124,Shreyas,Good,Loss,7,SSyWaX,MOzSh,Sy,X,Sh,P,P,P,,,success,evil,
124,Ozan,Evil,Win,7,SSyWaX,MOzSh,Sy,X,Sh,P,P,P,,,success,evil,
124,Sam,Good,Loss,7,SSyWaX,MOzSh,Sy,X,Sh,P,P,P,,,success,evil,
124,Xavier,Good,Loss,7,SSyWaX,MOzSh,Sy,X,Sh,P,P,P,,,success,evil,
124,WillA,Good,Loss,7,SSyWaX,MOzSh,Sy,X,Sh,P,P,P,,,success,evil,
124,Shruti,Evil,Win,7,SSyWaX,MOzSh,Sy,X,Sh,P,P,P,,,success,evil,
125,Matt,Good,Loss,7,MOzShSy,SWaX,Oz,Sh,Wa,P,F,P,P,,success,evil,
125,Shreyas,Good,Loss,7,MOzShSy,SWaX,Oz,Sh,Wa,P,F,P,P,,success,evil,
125,Ozan,Good,Loss,7,MOzShSy,SWaX,Oz,Sh,Wa,P,F,P,P,,success,evil,
125,Sam,Evil,Win,7,MOzShSy,SWaX,Oz,Sh,Wa,P,F,P,P,,success,evil,
125,Xavier,Evil,Win,7,MOzShSy,SWaX,Oz,Sh,Wa,P,F,P,P,,success,evil,
125,WillA,Evil,Win,7,MOzShSy,SWaX,Oz,Sh,Wa,P,F,P,P,,success,evil,
125,Shruti,Good,Loss,7,MOzShSy,SWaX,Oz,Sh,Wa,P,F,P,P,,success,evil,
126,Sam,Good,Loss,7,OzSSyWa,ShTX,S,Oz,X,F,F,F,,,n/a,evil,
126,WillA,Good,Loss,7,OzSSyWa,ShTX,S,Oz,X,F,F,F,,,n/a,evil,
126,Tejal,Evil,Win,7,OzSSyWa,ShTX,S,Oz,X,F,F,F,,,n/a,evil,
126,Xavier,Evil,Win,7,OzSSyWa,ShTX,S,Oz,X,F,F,F,,,n/a,evil,
126,Shruti,Evil,Win,7,OzSSyWa,ShTX,S,Oz,X,F,F,F,,,n/a,evil,
126,Shreyas,Good,Loss,7,OzSSyWa,ShTX,S,Oz,X,F,F,F,,,n/a,evil,
126,Ozan,Good,Loss,7,OzSSyWa,ShTX,S,Oz,X,F,F,F,,,n/a,evil,
127,Sam,Good,Win,7,OzSTX,WaShSy,Oz,T,Wa,P,F,F,P,P,fail,good,
127,Tejal,Good,Win,7,OzSTX,WaShSy,Oz,T,Wa,P,F,F,P,P,fail,good,
127,Ozan,Good,Win,7,OzSTX,WaShSy,Oz,T,Wa,P,F,F,P,P,fail,good,
127,Xavier,Good,Win,7,OzSTX,WaShSy,Oz,T,Wa,P,F,F,P,P,fail,good,
127,Shruti,Evil,Loss,7,OzSTX,WaShSy,Oz,T,Wa,P,F,F,P,P,fail,good,
127,WillA,Evil,Loss,7,OzSTX,WaShSy,Oz,T,Wa,P,F,F,P,P,fail,good,
127,Shreyas,Evil,Loss,7,OzSTX,WaShSy,Oz,T,Wa,P,F,F,P,P,fail,good,
128,Sam,Good,Win,7,OzSSyT,ShWaX,S,Oz,Sh,P,P,F,P,,fail,good,
128,Tejal,Good,Win,7,OzSSyT,ShWaX,S,Oz,Sh,P,P,F,P,,fail,good,
128,Shruti,Good,Win,7,OzSSyT,ShWaX,S,Oz,Sh,P,P,F,P,,fail,good,
128,Ozan,Good,Win,7,OzSSyT,ShWaX,S,Oz,Sh,P,P,F,P,,fail,good,
128,Shreyas,Evil,Loss,7,OzSSyT,ShWaX,S,Oz,Sh,P,P,F,P,,fail,good,
128,WillA,Evil,Loss,7,OzSSyT,ShWaX,S,Oz,Sh,P,P,F,P,,fail,good,
128,Xavier,Evil,Loss,7,OzSSyT,ShWaX,S,Oz,Sh,P,P,F,P,,fail,good,
129,Sam,Evil,Win,7,XShWaT,SSyOz,Wa,X,Oz,P,P,P,,,success,evil,
129,Shreyas,Evil,Win,7,XShWaT,SSyOz,Wa,X,Oz,P,P,P,,,success,evil,
129,Xavier,Good,Loss,7,XShWaT,SSyOz,Wa,X,Oz,P,P,P,,,success,evil,
129,Shruti,Good,Loss,7,XShWaT,SSyOz,Wa,X,Oz,P,P,P,,,success,evil,
129,WillA,Good,Loss,7,XShWaT,SSyOz,Wa,X,Oz,P,P,P,,,success,evil,
129,Tejal,Good,Loss,7,XShWaT,SSyOz,Wa,X,Oz,P,P,P,,,success,evil,
129,Ozan,Evil,Win,7,XShWaT,SSyOz,Wa,X,Oz,P,P,P,,,success,evil,
130,Sam,Good,Win,7,SXSyOz,ShWaT,X,S,T,P,P,P,,,fail,good,
130,Xavier,Good,Win,7,SXSyOz,ShWaT,X,S,T,P,P,P,,,fail,good,
130,Shreyas,Good,Win,7,SXSyOz,ShWaT,X,S,T,P,P,P,,,fail,good,
130,Ozan,Good,Win,7,SXSyOz,ShWaT,X,S,T,P,P,P,,,fail,good,
130,Shruti,Evil,Loss,7,SXSyOz,ShWaT,X,S,T,P,P,P,,,fail,good,
130,WillA,Evil,Loss,7,SXSyOz,ShWaT,X,S,T,P,P,P,,,fail,good,
130,Tejal,Evil,Loss,7,SXSyOz,ShWaT,X,S,T,P,P,P,,,fail,good,
131,WillA,Good,Win,7,OzShTWa,SSyX,T,Wa,X,P,P,P,,,fail,good,
131,Shruti,Good,Win,7,OzShTWa,SSyX,T,Wa,X,P,P,P,,,fail,good,
131,Ozan,Good,Win,7,OzShTWa,SSyX,T,Wa,X,P,P,P,,,fail,good,
131,Tejal,Good,Win,7,OzShTWa,SSyX,T,Wa,X,P,P,P,,,fail,good,
131,Xavier,Evil,Loss,7,OzShTWa,SSyX,T,Wa,X,P,P,P,,,fail,good,
131,Sam,Evil,Loss,7,OzShTWa,SSyX,T,Wa,X,P,P,P,,,fail,good,
131,Shreyas,Evil,Loss,7,OzShTWa,SSyX,T,Wa,X,P,P,P,,,fail,good,
132,WillA,Evil,Loss,7,OzSSyT,ShWaX,Sy,S,X,P,P,F,F,P,fail,good,
132,Shreyas,Good,Win,7,OzSSyT,ShWaX,Sy,S,X,P,P,F,F,P,fail,good,
132,Ozan,Good,Win,7,OzSSyT,ShWaX,Sy,S,X,P,P,F,F,P,fail,good,
132,Tejal,Good,Win,7,OzSSyT,ShWaX,Sy,S,X,P,P,F,F,P,fail,good,
132,Shruti,Evil,Loss,7,OzSSyT,ShWaX,Sy,S,X,P,P,F,F,P,fail,good,
132,Sam,Good,Win,7,OzSSyT,ShWaX,Sy,S,X,P,P,F,F,P,fail,good,
132,Xavier,Evil,Loss,7,OzSSyT,ShWaX,Sy,S,X,P,P,F,F,P,fail,good,
133,Sam,Good,Loss,7,SWaXOz,TShSy,X,Wa,Sy,P,F,F,P,P,success,evil,
133,WillA,Good,Loss,7,SWaXOz,TShSy,X,Wa,Sy,P,F,F,P,P,success,evil,
133,Xavier,Good,Loss,7,SWaXOz,TShSy,X,Wa,Sy,P,F,F,P,P,success,evil,
133,Ozan,Good,Loss,7,SWaXOz,TShSy,X,Wa,Sy,P,F,F,P,P,success,evil,
133,Tejal,Evil,Win,7,SWaXOz,TShSy,X,Wa,Sy,P,F,F,P,P,success,evil,
133,Shruti,Evil,Win,7,SWaXOz,TShSy,X,Wa,Sy,P,F,F,P,P,success,evil,
133,Shreyas,Evil,Win,7,SWaXOz,TShSy,X,Wa,Sy,P,F,F,P,P,success,evil,
134,Sam,Evil,Loss,7,MOzShX,SSyWa,Oz,X,Sy,P,F,P,P,,fail,good,
134,WillA,Evil,Loss,7,MOzShX,SSyWa,Oz,X,Sy,P,F,P,P,,fail,good,
134,Xavier,Good,Win,7,MOzShX,SSyWa,Oz,X,Sy,P,F,P,P,,fail,good,
134,Ozan,Good,Win,7,MOzShX,SSyWa,Oz,X,Sy,P,F,P,P,,fail,good,
134,Matt,Good,Win,7,MOzShX,SSyWa,Oz,X,Sy,P,F,P,P,,fail,good,
134,Shruti,Good,Win,7,MOzShX,SSyWa,Oz,X,Sy,P,F,P,P,,fail,good,
134,Shreyas,Evil,Loss,7,MOzShX,SSyWa,Oz,X,Sy,P,F,P,P,,fail,good,
135,Sam,Good,Loss,7,MSWaX,OzShSy,S,X,Oz,P,F,F,F,,n/a,evil,
135,WillA,Good,Loss,7,MSWaX,OzShSy,S,X,Oz,P,F,F,F,,n/a,evil,
135,Xavier,Good,Loss,7,MSWaX,OzShSy,S,X,Oz,P,F,F,F,,n/a,evil,
135,Ozan,Evil,Win,7,MSWaX,OzShSy,S,X,Oz,P,F,F,F,,n/a,evil,
135,Matt,Good,Loss,7,MSWaX,OzShSy,S,X,Oz,P,F,F,F,,n/a,evil,
135,Shruti,Evil,Win,7,MSWaX,OzShSy,S,X,Oz,P,F,F,F,,n/a,evil,
135,Shreyas,Evil,Win,7,MSWaX,OzShSy,S,X,Oz,P,F,F,F,,n/a,evil,
136,Sam,Evil,Win,7,MSyWaX,OzSSh,Sy,X,Oz,P,F,P,F,P,success,evil,
136,WillA,Good,Loss,7,MSyWaX,OzSSh,Sy,X,Oz,P,F,P,F,P,success,evil,
136,Xavier,Good,Loss,7,MSyWaX,OzSSh,Sy,X,Oz,P,F,P,F,P,success,evil,
136,Ozan,Evil,Win,7,MSyWaX,OzSSh,Sy,X,Oz,P,F,P,F,P,success,evil,
136,Matt,Good,Loss,7,MSyWaX,OzSSh,Sy,X,Oz,P,F,P,F,P,success,evil,
136,Shruti,Evil,Win,7,MSyWaX,OzSSh,Sy,X,Oz,P,F,P,F,P,success,evil,
136,Shreyas,Good,Loss,7,MSyWaX,OzSSh,Sy,X,Oz,P,F,P,F,P,success,evil,
137,Sam,Evil,Loss,7,OzShWaX,MSSy,Oz,Wa,Sy,P,F,F,P,P,fail,good,
137,WillA,Good,Win,7,OzShWaX,MSSy,Oz,Wa,Sy,P,F,F,P,P,fail,good,
137,Xavier,Good,Win,7,OzShWaX,MSSy,Oz,Wa,Sy,P,F,F,P,P,fail,good,
137,Ozan,Good,Win,7,OzShWaX,MSSy,Oz,Wa,Sy,P,F,F,P,P,fail,good,
137,Matt,Evil,Loss,7,OzShWaX,MSSy,Oz,Wa,Sy,P,F,F,P,P,fail,good,
137,Shruti,Good,Win,7,OzShWaX,MSSy,Oz,Wa,Sy,P,F,F,P,P,fail,good,
137,Shreyas,Evil,Loss,7,OzShWaX,MSSy,Oz,Wa,Sy,P,F,F,P,P,fail,good,
138,Sam,Good,Loss,7,OzSShWa,MSyX,Sh,S,M,P,F,F,P,P,success,evil,
138,WillA,Good,Loss,7,OzSShWa,MSyX,Sh,S,M,P,F,F,P,P,success,evil,
138,Xavier,Evil,Win,7,OzSShWa,MSyX,Sh,S,M,P,F,F,P,P,success,evil,
138,Ozan,Good,Loss,7,OzSShWa,MSyX,Sh,S,M,P,F,F,P,P,success,evil,
138,Matt,Evil,Win,7,OzSShWa,MSyX,Sh,S,M,P,F,F,P,P,success,evil,
138,Shruti,Good,Loss,7,OzSShWa,MSyX,Sh,S,M,P,F,F,P,P,success,evil,
138,Shreyas,Evil,Win,7,OzSShWa,MSyX,Sh,S,M,P,F,F,P,P,success,evil,
139,Harrison,Good,Loss,7,HOzShSy,MWaX,Oz,Sh,M,P,F,P,F,P,success,evil,mercy kill
139,WillA,Evil,Win,7,HOzShSy,MWaX,Oz,Sh,M,P,F,P,F,P,success,evil,mercy kill
139,Xavier,Evil,Win,7,HOzShSy,MWaX,Oz,Sh,M,P,F,P,F,P,success,evil,mercy kill
139,Ozan,Good,Loss,7,HOzShSy,MWaX,Oz,Sh,M,P,F,P,F,P,success,evil,mercy kill
139,Matt,Evil,Win,7,HOzShSy,MWaX,Oz,Sh,M,P,F,P,F,P,success,evil,mercy kill
139,Shruti,Good,Loss,7,HOzShSy,MWaX,Oz,Sh,M,P,F,P,F,P,success,evil,mercy kill
139,Shreyas,Good,Loss,7,HOzShSy,MWaX,Oz,Sh,M,P,F,P,F,P,success,evil,mercy kill
140,Harrison,Evil,Loss,7,MOzShX,HSyWa,M,X,H,P,F,P,P,,fail,good,
140,WillA,Evil,Loss,7,MOzShX,HSyWa,M,X,H,P,F,P,P,,fail,good,
140,Xavier,Good,Win,7,MOzShX,HSyWa,M,X,H,P,F,P,P,,fail,good,
140,Ozan,Good,Win,7,MOzShX,HSyWa,M,X,H,P,F,P,P,,fail,good,
140,Matt,Good,Win,7,MOzShX,HSyWa,M,X,H,P,F,P,P,,fail,good,
140,Shruti,Good,Win,7,MOzShX,HSyWa,M,X,H,P,F,P,P,,fail,good,
140,Shreyas,Evil,Loss,7,MOzShX,HSyWa,M,X,H,P,F,P,P,,fail,good,
141,Harrison,Evil,Loss,7,MSyWaX,HOzSh,X,Wa,Sh,F,P,P,P,,fail,good,
141,WillA,Good,Win,7,MSyWaX,HOzSh,X,Wa,Sh,F,P,P,P,,fail,good,
141,Xavier,Good,Win,7,MSyWaX,HOzSh,X,Wa,Sh,F,P,P,P,,fail,good,
141,Ozan,Evil,Loss,7,MSyWaX,HOzSh,X,Wa,Sh,F,P,P,P,,fail,good,
141,Matt,Good,Win,7,MSyWaX,HOzSh,X,Wa,Sh,F,P,P,P,,fail,good,
141,Shruti,Evil,Loss,7,MSyWaX,HOzSh,X,Wa,Sh,F,P,P,P,,fail,good,
141,Shreyas,Good,Win,7,MSyWaX,HOzSh,X,Wa,Sh,F,P,P,P,,fail,good,
142,Harrison,Good,Win,7,HOzShX,MSyWa,H,Sh,M,P,F,F,P,P,fail,good,
142,WillA,Evil,Loss,7,HOzShX,MSyWa,H,Sh,M,P,F,F,P,P,fail,good,
142,Xavier,Good,Win,7,HOzShX,MSyWa,H,Sh,M,P,F,F,P,P,fail,good,
142,Ozan,Good,Win,7,HOzShX,MSyWa,H,Sh,M,P,F,F,P,P,fail,good,
142,Matt,Evil,Loss,7,HOzShX,MSyWa,H,Sh,M,P,F,F,P,P,fail,good,
142,Shruti,Good,Win,7,HOzShX,MSyWa,H,Sh,M,P,F,F,P,P,fail,good,
142,Shreyas,Evil,Loss,7,HOzShX,MSyWa,H,Sh,M,P,F,F,P,P,fail,good,
143,Harrison,Evil,Win,7,MOzSyWa,HShX,Wa,Oz,X,P,F,P,P,,success,evil,
143,WillA,Good,Loss,7,MOzSyWa,HShX,Wa,Oz,X,P,F,P,P,,success,evil,
143,Xavier,Evil,Win,7,MOzSyWa,HShX,Wa,Oz,X,P,F,P,P,,success,evil,
143,Ozan,Good,Loss,7,MOzSyWa,HShX,Wa,Oz,X,P,F,P,P,,success,evil,
143,Matt,Good,Loss,7,MOzSyWa,HShX,Wa,Oz,X,P,F,P,P,,success,evil,
143,Shruti,Evil,Win,7,MOzSyWa,HShX,Wa,Oz,X,P,F,P,P,,success,evil,
143,Shreyas,Good,Loss,7,MOzSyWa,HShX,Wa,Oz,X,P,F,P,P,,success,evil,
144,Harrison,Evil,Loss,7,MOzShWa,HSyX,Oz,M,H,P,P,P,,,fail,good,
144,WillA,Good,Win,7,MOzShWa,HSyX,Oz,M,H,P,P,P,,,fail,good,
144,Xavier,Evil,Loss,7,MOzShWa,HSyX,Oz,M,H,P,P,P,,,fail,good,
144,Ozan,Good,Win,7,MOzShWa,HSyX,Oz,M,H,P,P,P,,,fail,good,
144,Matt,Good,Win,7,MOzShWa,HSyX,Oz,M,H,P,P,P,,,fail,good,
144,Shruti,Good,Win,7,MOzShWa,HSyX,Oz,M,H,P,P,P,,,fail,good,
144,Shreyas,Evil,Loss,7,MOzShWa,HSyX,Oz,M,H,P,P,P,,,fail,good,
145,Harrison,Evil,Win,7,MOzShWa,HSyX,Oz,Sh,Sy,P,P,F,P,,success,evil,
145,WillA,Good,Loss,7,MOzShWa,HSyX,Oz,Sh,Sy,P,P,F,P,,success,evil,
145,Xavier,Evil,Win,7,MOzShWa,HSyX,Oz,Sh,Sy,P,P,F,P,,success,evil,
145,Ozan,Good,Loss,7,MOzShWa,HSyX,Oz,Sh,Sy,P,P,F,P,,success,evil,
145,Matt,Good,Loss,7,MOzShWa,HSyX,Oz,Sh,Sy,P,P,F,P,,success,evil,
145,Shruti,Good,Loss,7,MOzShWa,HSyX,Oz,Sh,Sy,P,P,F,P,,success,evil,
145,Shreyas,Evil,Win,7,MOzShWa,HSyX,Oz,Sh,Sy,P,P,F,P,,success,evil,
146,WillA,Evil,Win,7,HOzShSy,MWaX,H,Oz,X,F,F,P,P,P,success,evil,
146,Xavier,Evil,Win,7,HOzShSy,MWaX,H,Oz,X,F,F,P,P,P,success,evil,
146,Ozan,Good,Loss,7,HOzShSy,MWaX,H,Oz,X,F,F,P,P,P,success,evil,
146,Matt,Evil,Win,7,HOzShSy,MWaX,H,Oz,X,F,F,P,P,P,success,evil,
146,Shruti,Good,Loss,7,HOzShSy,MWaX,H,Oz,X,F,F,P,P,P,success,evil,
146,Shreyas,Good,Loss,7,HOzShSy,MWaX,H,Oz,X,F,F,P,P,P,success,evil,
146,Harrison,Good,Loss,7,HOzShSy,MWaX,H,Oz,X,F,F,P,P,P,success,evil,
147,WillA,Evil,Loss,7,MOzShSy,HWaX,M,Sy,Wa,P,F,F,P,P,fail,good,
147,Xavier,Evil,Loss,7,MOzShSy,HWaX,M,Sy,Wa,P,F,F,P,P,fail,good,
147,Ozan,Good,Win,7,MOzShSy,HWaX,M,Sy,Wa,P,F,F,P,P,fail,good,
147,Matt,Good,Win,7,MOzShSy,HWaX,M,Sy,Wa,P,F,F,P,P,fail,good,
147,Shruti,Good,Win,7,MOzShSy,HWaX,M,Sy,Wa,P,F,F,P,P,fail,good,
147,Shreyas,Good,Win,7,MOzShSy,HWaX,M,Sy,Wa,P,F,F,P,P,fail,good,
147,Harrison,Evil,Loss,7,MOzShSy,HWaX,M,Sy,Wa,P,F,F,P,P,fail,good,
148,Harrison,Evil,Loss,7,WaShTM,SHO,Sh,Wa,Oz,P,F,F,P,P,fail,good,
148,Ozan,Evil,Loss,7,WaShTM,SHO,Sh,Wa,Oz,P,F,F,P,P,fail,good,
148,Sam,Evil,Loss,7,WaShTM,SHO,Sh,Wa,Oz,P,F,F,P,P,fail,good,
148,WillA,Good,Win,7,WaShTM,SHO,Sh,Wa,Oz,P,F,F,P,P,fail,good,
148,Tejal,Good,Win,7,WaShTM,SHO,Sh,Wa,Oz,P,F,F,P,P,fail,good,
148,Shruti,Good,Win,7,WaShTM,SHO,Sh,Wa,Oz,P,F,F,P,P,fail,good,
148,Matt,Good,Win,7,WaShTM,SHO,Sh,Wa,Oz,P,F,F,P,P,fail,good,
149,Sam,Evil,Loss,7,THOzSh,SWaX,H,T,X,P,P,P,,,fail,good,
149,WillA,Evil,Loss,7,THOzSh,SWaX,H,T,X,P,P,P,,,fail,good,
149,Xavier,Evil,Loss,7,THOzSh,SWaX,H,T,X,P,P,P,,,fail,good,
149,Tejal,Good,Win,7,THOzSh,SWaX,H,T,X,P,P,P,,,fail,good,
149,Harrison,Good,Win,7,THOzSh,SWaX,H,T,X,P,P,P,,,fail,good,
149,Ozan,Good,Win,7,THOzSh,SWaX,H,T,X,P,P,P,,,fail,good,
149,Shruti,Good,Win,7,THOzSh,SWaX,H,T,X,P,P,P,,,fail,good,
150,WillA,Evil,Win,7,SXOzH,WaTSh,S,Oz,T,F,P,F,P,F,n/a,evil,
150,Xavier,Good,Loss,7,SXOzH,WaTSh,S,Oz,T,F,P,F,P,F,n/a,evil,
150,Tejal,Evil,Win,7,SXOzH,WaTSh,S,Oz,T,F,P,F,P,F,n/a,evil,
150,Harrison,Good,Loss,7,SXOzH,WaTSh,S,Oz,T,F,P,F,P,F,n/a,evil,
150,Ozan,Good,Loss,7,SXOzH,WaTSh,S,Oz,T,F,P,F,P,F,n/a,evil,
150,Shruti,Evil,Win,7,SXOzH,WaTSh,S,Oz,T,F,P,F,P,F,n/a,evil,
150,Sam,Good,Loss,7,SXOzH,WaTSh,S,Oz,T,F,P,F,P,F,n/a,evil,
151,WillA,Evil,Loss,7,SOHT,WaSX,Sh,T,Wa,P,F,P,P,,fail,good,
151,Sam,Evil,Loss,7,SOHT,WaSX,Sh,T,Wa,P,F,P,P,,fail,good,
151,Xavier,Evil,Loss,7,ShOHT,WaSX,Sh,T,Wa,P,F,P,P,,fail,good,
151,Tejal,Good,Win,7,ShOHT,WaSX,Sh,T,Wa,P,F,P,P,,fail,good,
151,Harrison,Good,Win,7,ShOHT,WaSX,Sh,T,Wa,P,F,P,P,,fail,good,
151,Ozan,Good,Win,7,ShOHT,WaSX,Sh,T,Wa,P,F,P,P,,fail,good,
151,Shruti,Good,Win,7,ShOHT,WaSX,Sh,T,Wa,P,F,P,P,,fail,good,
152,WillA,Evil,Win,7,ShTHX,WaSO,T,Sh,S,F,P,P,P,,success,evil,
152,Ozan,Evil,Win,7,ShTHX,WaSO,T,Sh,S,F,P,P,P,,success,evil,
152,Sam,Evil,Win,7,ShTHX,WaSO,T,Sh,S,F,P,P,P,,success,evil,
152,Shruti,Good,Loss,7,ShTHX,WaSO,T,Sh,S,F,P,P,P,,success,evil,
152,Tejal,Good,Loss,7,ShTHX,WaSO,T,Sh,S,F,P,P,P,,success,evil,
152,Harrison,Good,Loss,7,ShTHX,WaSO,T,Sh,S,F,P,P,P,,success,evil,
152,Xavier,Good,Loss,7,ShTHX,WaSO,T,Sh,S,F,P,P,P,,success,evil,
153,WillA,Evil,Win,7,STHOz,WaShX,Oz,T,Sh,P,P,P,,,success,evil,
153,Ozan,Good,Loss,7,STHOz,WaShX,Oz,T,Sh,P,P,P,,,success,evil,
153,Sam,Good,Loss,7,STHOz,WaShX,Oz,T,Sh,P,P,P,,,success,evil,
153,Shruti,Evil,Win,7,STHOz,WaShX,Oz,T,Sh,P,P,P,,,success,evil,
153,Tejal,Good,Loss,7,STHOz,WaShX,Oz,T,Sh,P,P,P,,,success,evil,
153,Harrison,Good,Loss,7,STHOz,WaShX,Oz,T,Sh,P,P,P,,,success,evil,
153,Xavier,Evil,Win,7,STHOz,WaShX,Oz,T,Sh,P,P,P,,,success,evil,
154,WillA,Evil,Win,7,HOzXSh,WaTS,H,Oz,S,P,F,P,P,,success,evil,
154,Ozan,Good,Loss,7,HOzXSh,WaTS,H,Oz,S,P,F,P,P,,success,evil,
154,Sam,Evil,Win,7,HOzXSh,WaTS,H,Oz,S,P,F,P,P,,success,evil,
154,Shruti,Good,Loss,7,HOzXSh,WaTS,H,Oz,S,P,F,P,P,,success,evil,
154,Tejal,Evil,Win,7,HOzXSh,WaTS,H,Oz,S,P,F,P,P,,success,evil,
154,Harrison,Good,Loss,7,HOzXSh,WaTS,H,Oz,S,P,F,P,P,,success,evil,
154,Xavier,Good,Loss,7,HOzXSh,WaTS,H,Oz,S,P,F,P,P,,success,evil,
155,WillA,Good,Loss,7,WaShTX,SHX,Wa,Sh,H,P,F,F,F,,n/a,evil,
155,Ozan,Good,Loss,7,WaShTX,SHX,Wa,Sh,H,P,F,F,F,,n/a,evil,
155,Sam,Evil,Win,7,WaShTX,SHX,Wa,Sh,H,P,F,F,F,,n/a,evil,
155,Shruti,Good,Loss,7,WaShTX,SHX,Wa,Sh,H,P,F,F,F,,n/a,evil,
155,Tejal,Good,Loss,7,WaShTX,SHX,Wa,Sh,H,P,F,F,F,,n/a,evil,
155,Harrison,Evil,Win,7,WaShTX,SHX,Wa,Sh,H,P,F,F,F,,n/a,evil,
155,Xavier,Evil,Win,7,WaShTX,SHX,Wa,Sh,H,P,F,F,F,,n/a,evil,
156,WillA,Evil,Win,7,SOzHX,WaTSh,Oz,X,Wa,P,P,P,,,success,evil,
156,Ozan,Good,Loss,7,SOzHX,WaTSh,Oz,X,Wa,P,P,P,,,success,evil,
156,Sam,Good,Loss,7,SOzHX,WaTSh,Oz,X,Wa,P,P,P,,,success,evil,
156,Shruti,Evil,Win,7,SOzHX,WaTSh,Oz,X,Wa,P,P,P,,,success,evil,
156,Tejal,Evil,Win,7,SOzHX,WaTSh,Oz,X,Wa,P,P,P,,,success,evil,
156,Harrison,Good,Loss,7,SOzHX,WaTSh,Oz,X,Wa,P,P,P,,,success,evil,
156,Xavier,Good,Loss,7,SOzHX,WaTSh,Oz,X,Wa,P,P,P,,,success,evil,
157,WillA,Good,Loss,7,WaShTH,SOX,T,Wa,Oz,F,F,P,P,P,success,evil,
157,Shruti,Good,Loss,7,WaShTH,SOX,T,Wa,Oz,F,F,P,P,P,success,evil,
157,Tejal,Good,Loss,7,WaShTH,SOX,T,Wa,Oz,F,F,P,P,P,success,evil,
157,Harrison,Good,Loss,7,WaShTH,SOX,T,Wa,Oz,F,F,P,P,P,success,evil,
157,Sam,Evil,Win,7,WaShTH,SOX,T,Wa,Oz,F,F,P,P,P,success,evil,
157,Xavier,Evil,Win,7,WaShTH,SOX,T,Wa,Oz,F,F,P,P,P,success,evil,
157,Ozan,Evil,Win,7,WaShTH,SOX,T,Wa,Oz,F,F,P,P,P,success,evil,
158,WillA,Evil,Loss,7,SHTOz,WXSh,Oz,H,X,P,P,P,,,fail,good,
158,Shruti,Evil,Loss,7,SHTOz,WXSh,Oz,H,X,P,P,P,,,fail,good,
158,Tejal,Good,Win,7,SHTOz,WXSh,Oz,H,X,P,P,P,,,fail,good,
158,Harrison,Good,Win,7,SHTOz,WXSh,Oz,H,X,P,P,P,,,fail,good,
158,Sam,Good,Win,7,SHTOz,WXSh,Oz,H,X,P,P,P,,,fail,good,
158,Xavier,Evil,Loss,7,SHTOz,WXSh,Oz,H,X,P,P,P,,,fail,good,
158,Ozan,Good,Win,7,SHTOz,WXSh,Oz,H,X,P,P,P,,,fail,good,
159,WillA,Good,Loss,7,WaXTS,SHO,T,X,S,P,P,P,,,success,evil,
159,Xavier,Good,Loss,7,WaXTS,SHO,T,X,S,P,P,P,,,success,evil,
159,Tejal,Good,Loss,7,WaXTS,SHO,T,X,S,P,P,P,,,success,evil,
159,Shruti,Good,Loss,7,WaXTS,SHO,T,X,S,P,P,P,,,success,evil,
159,Sam,Evil,Win,7,WaXTS,SHO,T,X,S,P,P,P,,,success,evil,
159,Ozan,Evil,Win,7,WaXTS,SHO,T,X,S,P,P,P,,,success,evil,
159,Harrison,Evil,Win,7,WaXTS,SHO,T,X,S,P,P,P,,,success,evil,
160,Sam,Good,Win,7,STHWa,XShOz,Wa,S,X,P,P,P,,,fail,good,
160,Tejal,Good,Win,7,STHWa,XShOz,Wa,S,X,P,P,P,,,fail,good,
160,Harrison,Good,Win,7,STHWa,XShOz,Wa,S,X,P,P,P,,,fail,good,
160,WillA,Good,Win,7,STHWa,XShOz,Wa,S,X,P,P,P,,,fail,good,
160,Shruti,Evil,Loss,7,STHWa,XShOz,Wa,S,X,P,P,P,,,fail,good,
160,Xavier,Evil,Loss,7,STHWa,XShOz,Wa,S,X,P,P,P,,,fail,good,
160,Ozan,Evil,Loss,7,STHWa,XShOz,Wa,S,X,P,P,P,,,fail,good,
161,Sam,Evil,Win,7,THShOz,SWaOz,T,H,Wa,P,F,P,P,,success,evil,
161,Tejal,Good,Loss,7,THShOz,SWaOz,T,H,Wa,P,F,P,P,,success,evil,
161,Harrison,Good,Loss,7,THShOz,SWaOz,T,H,Wa,P,F,P,P,,success,evil,
161,WillA,Evil,Win,7,THShOz,SWaOz,T,H,Wa,P,F,P,P,,success,evil,
161,Shruti,Good,Loss,7,THShOz,SWaOz,T,H,Wa,P,F,P,P,,success,evil,
161,Xavier,Evil,Win,7,THShOz,SWaOz,T,H,Wa,P,F,P,P,,success,evil,
161,Ozan,Good,Loss,7,THShOz,SWaOz,T,H,Wa,P,F,P,P,,success,evil,
161,WillA,Good,Win,7,WaTHO,NSyS,T,Wa,S,P,F,P,P,,fail,good,
161,Tejal,Good,Win,7,WaTHO,NSyS,T,Wa,S,P,F,P,P,,fail,good,
161,Harrison,Good,Win,7,WaTHO,NSyS,T,Wa,S,P,F,P,P,,fail,good,
161,Ozan,Good,Win,7,WaTHO,NSyS,T,Wa,S,P,F,P,P,,fail,good,
161,Nathan,Evil,Loss,7,WaTHO,NSyS,T,Wa,S,P,F,P,P,,fail,good,
161,Shreyas,Evil,Loss,7,WaTHO,NSyS,T,Wa,S,P,F,P,P,,fail,good,
161,Sam,Evil,Loss,7,WaTHO,NSyS,T,Wa,S,P,F,P,P,,fail,good,
162,WillA,Good,Win,7,WaSSyOz,TNH,Wa,S,T,P,F,F,P,P,fail,good,
162,Tejal,Evil,Loss,7,WaSSyOz,TNH,Wa,S,T,P,F,F,P,P,fail,good,
162,Harrison,Evil,Loss,7,WaSSyOz,TNH,Wa,S,T,P,F,F,P,P,fail,good,
162,Ozan,Good,Win,7,WaSSyOz,TNH,Wa,S,T,P,F,F,P,P,fail,good,
162,Nathan,Evil,Loss,7,WaSSyOz,TNH,Wa,S,T,P,F,F,P,P,fail,good,
162,Shreyas,Good,Win,7,WaSSyOz,TNH,Wa,S,T,P,F,F,P,P,fail,good,
162,Sam,Good,Win,7,WaSSyOz,TNH,Wa,S,T,P,F,F,P,P,fail,good,
163,WillA,Evil,Loss,7,ONSyS,WaTH,Sy,S,Wa,P,P,P,,,fail,good,
163,Tejal,Evil,Loss,7,ONSyS,WaTH,Sy,S,Wa,P,P,P,,,fail,good,
163,Harrison,Evil,Loss,7,ONSyS,WaTH,Sy,S,Wa,P,P,P,,,fail,good,
163,Ozan,Good,Win,7,ONSyS,WaTH,Sy,S,Wa,P,P,P,,,fail,good,
163,Nathan,Good,Win,7,ONSyS,WaTH,Sy,S,Wa,P,P,P,,,fail,good,
163,Shreyas,Good,Win,7,ONSyS,WaTH,Sy,S,Wa,P,P,P,,,fail,good,
163,Sam,Good,Win,7,ONSyS,WaTH,Sy,S,Wa,P,P,P,,,fail,good,
164,WillA,Good,Win,7,WaONS,THSy,N,Oz,T,P,P,P,,,fail,good,
164,Tejal,Evil,Loss,7,WaONS,THSy,N,Oz,T,P,P,P,,,fail,good,
164,Harrison,Evil,Loss,7,WaONS,THSy,N,Oz,T,P,P,P,,,fail,good,
164,Ozan,Good,Win,7,WaONS,THSy,N,Oz,T,P,P,P,,,fail,good,
164,Nathan,Good,Win,7,WaONS,THSy,N,Oz,T,P,P,P,,,fail,good,
164,Shreyas,Evil,Loss,7,WaONS,THSy,N,Oz,T,P,P,P,,,fail,good,
164,Sam,Good,Win,7,WaONS,THSy,N,Oz,T,P,P,P,,,fail,good,
165,WillA,Good,Loss,7,WaTOSy,HNS,T,Oz,N,F,P,P,P,,success,evil,
165,Tejal,Good,Loss,7,WaTOSy,HNS,T,Oz,N,F,P,P,P,,success,evil,
165,Harrison,Evil,Win,7,WaTOSy,HNS,T,Oz,N,F,P,P,P,,success,evil,
165,Ozan,Good,Loss,7,WaTOSy,HNS,T,Oz,N,F,P,P,P,,success,evil,
165,Nathan,Evil,Win,7,WaTOSy,HNS,T,Oz,N,F,P,P,P,,success,evil,
165,Shreyas,Good,Loss,7,WaTOSy,HNS,T,Oz,N,F,P,P,P,,success,evil,
165,Sam,Evil,Win,7,WaTOSy,HNS,T,Oz,N,F,P,P,P,,success,evil,
166,WillA,Good,Loss,7,SWaNSy,THOz,N,S,Oz,P,P,P,,,success,evil,
166,Tejal,Evil,Win,7,SWaNSy,THOz,N,S,Oz,P,P,P,,,success,evil,
166,Harrison,Evil,Win,7,SWaNSy,THOz,N,S,Oz,P,P,P,,,success,evil,
166,Ozan,Evil,Win,7,SWaNSy,THOz,N,S,Oz,P,P,P,,,success,evil,
166,Nathan,Good,Loss,7,SWaNSy,THOz,N,S,Oz,P,P,P,,,success,evil,
166,Shreyas,Good,Loss,7,SWaNSy,THOz,N,S,Oz,P,P,P,,,success,evil,
166,Sam,Good,Loss,7,SWaNSy,THOz,N,S,Oz,P,P,P,,,success,evil,
167,WillA,Evil,Loss,7,SSyOzH,WaTN,Oz,H,N,P,F,F,P,P,fail,good,
167,Tejal,Evil,Loss,7,SSyOzH,WaTN,Oz,H,N,P,F,F,P,P,fail,good,
167,Harrison,Good,Win,7,SSyOzH,WaTN,Oz,H,N,P,F,F,P,P,fail,good,
167,Ozan,Good,Win,7,SSyOzH,WaTN,Oz,H,N,P,F,F,P,P,fail,good,
167,Nathan,Evil,Loss,7,SSyOzH,WaTN,Oz,H,N,P,F,F,P,P,fail,good,
167,Shreyas,Good,Win,7,SSyOzH,WaTN,Oz,H,N,P,F,F,P,P,fail,good,
167,Sam,Good,Win,7,SSyOzH,WaTN,Oz,H,N,P,F,F,P,P,fail,good,
168,WillA,Good,Loss,7,WaHShOz,SyMX,H,Wa,Sy,P,F,F,P,P,success,evil,
168,Harrison,Good,Loss,7,WaHShOz,SyMX,H,Wa,Sy,P,F,F,P,P,success,evil,
168,Shruti,Good,Loss,7,WaHShOz,SyMX,H,Wa,Sy,P,F,F,P,P,success,evil,
168,Shreyas,Evil,Win,7,WaHShOz,SyMX,H,Wa,Sy,P,F,F,P,P,success,evil,
168,Matt,Evil,Win,7,WaHShOz,SyMX,H,Wa,Sy,P,F,F,P,P,success,evil,
168,Xavier,Evil,Win,7,WaHShOz,SyMX,H,Wa,Sy,P,F,F,P,P,success,evil,
168,Ozan,Good,Loss,7,WaHShOz,SyMX,H,Wa,Sy,P,F,F,P,P,success,evil,
169,WillA,Evil,Win,7,HMSyX,OzShWa,Sy,H,Sh,P,F,F,P,P,success,evil,
169,Harrison,Good,Loss,7,HMSyX,OzShWa,Sy,H,Sh,P,F,F,P,P,success,evil,
169,Shruti,Evil,Win,7,HMSyX,OzShWa,Sy,H,Sh,P,F,F,P,P,success,evil,
169,Shreyas,Good,Loss,7,HMSyX,OzShWa,Sy,H,Sh,P,F,F,P,P,success,evil,
169,Matt,Good,Loss,7,HMSyX,OzShWa,Sy,H,Sh,P,F,F,P,P,success,evil,
169,Xavier,Good,Loss,7,HMSyX,OzShWa,Sy,H,Sh,P,F,F,P,P,success,evil,
169,Ozan,Evil,Win,7,HMSyX,OzShWa,Sy,H,Sh,P,F,F,P,P,success,evil,
170,WillA,Good,Loss,7,WaHXO,ShSyM,X,Wa,Sy,P,F,F,P,P,success,evil,
170,Harrison,Good,Loss,7,WaHXO,ShSyM,X,Wa,Sy,P,F,F,P,P,success,evil,
170,Shruti,Evil,Win,7,WaHXO,ShSyM,X,Wa,Sy,P,F,F,P,P,success,evil,
170,Shreyas,Evil,Win,7,WaHXO,ShSyM,X,Wa,Sy,P,F,F,P,P,success,evil,
170,Matt,Evil,Win,7,WaHXO,ShSyM,X,Wa,Sy,P,F,F,P,P,success,evil,
170,Xavier,Good,Loss,7,WaHXO,ShSyM,X,Wa,Sy,P,F,F,P,P,success,evil,
170,Ozan,Good,Loss,7,WaHXO,ShSyM,X,Wa,Sy,P,F,F,P,P,success,evil,
171,WillA,Evil,Win,7,HOzShSy,MWaX,H,Oz,Wa,P,F,P,F,F,n/a,evil,
171,Harrison,Good,Loss,7,HOzShSy,MWaX,H,Oz,Wa,P,F,P,F,F,n/a,evil,
171,Shruti,Good,Loss,7,HOzShSy,MWaX,H,Oz,Wa,P,F,P,F,F,n/a,evil,
171,Shreyas,Good,Loss,7,HOzShSy,MWaX,H,Oz,Wa,P,F,P,F,F,n/a,evil,
171,Matt,Evil,Win,7,HOzShSy,MWaX,H,Oz,Wa,P,F,P,F,F,n/a,evil,
171,Xavier,Evil,Win,7,HOzShSy,MWaX,H,Oz,Wa,P,F,P,F,F,n/a,evil,
171,Ozan,Good,Loss,7,HOzShSy,MWaX,H,Oz,Wa,P,F,P,F,F,n/a,evil,
172,WillA,Good,Win,7,WaHXO,ShSyM,Wa,Oz,Sh,P,F,P,P,,fail,good,
172,Harrison,Good,Win,7,WaHXO,ShSyM,Wa,Oz,Sh,P,F,P,P,,fail,good,
172,Shruti,Evil,Loss,7,WaHXO,ShSyM,Wa,Oz,Sh,P,F,P,P,,fail,good,
172,Shreyas,Evil,Loss,7,WaHXO,ShSyM,Wa,Oz,Sh,P,F,P,P,,fail,good,
172,Matt,Evil,Loss,7,WaHXO,ShSyM,Wa,Oz,Sh,P,F,P,P,,fail,good,
172,Xavier,Good,Win,7,WaHXO,ShSyM,Wa,Oz,Sh,P,F,P,P,,fail,good,
172,Ozan,Good,Win,7,WaHXO,ShSyM,Wa,Oz,Sh,P,F,P,P,,fail,good,
173,Xavier,Good,Win,7,XSyShWa,MOH,Wa,Sh,M,F,P,P,P,,fail,good,
173,Shreyas,Good,Win,7,XSyShWa,MOH,Wa,Sh,M,F,P,P,P,,fail,good,
173,Shruti,Good,Win,7,XSyShWa,MOH,Wa,Sh,M,F,P,P,P,,fail,good,
173,WillA,Good,Win,7,XSyShWa,MOH,Wa,Sh,M,F,P,P,P,,fail,good,
173,Matt,Evil,Loss,7,XSyShWa,MOH,Wa,Sh,M,F,P,P,P,,fail,good,
173,Ozan,Evil,Loss,7,XSyShWa,MOH,Wa,Sh,M,F,P,P,P,,fail,good,
173,Harrison,Evil,Loss,7,XSyShWa,MOH,Wa,Sh,M,F,P,P,P,,fail,good,
174,Xavier,Good,Loss,7,XShMH,SyWaO,M,Sh,Oz,P,F,F,P,P,success,evil,
174,Shreyas,Evil,Win,7,XShMH,SyWaO,M,Sh,Oz,P,F,F,P,P,success,evil,
174,Shruti,Good,Loss,7,XShMH,SyWaO,M,Sh,Oz,P,F,F,P,P,success,evil,
174,WillA,Evil,Win,7,XShMH,SyWaO,M,Sh,Oz,P,F,F,P,P,success,evil,
174,Matt,Good,Loss,7,XShMH,SyWaO,M,Sh,Oz,P,F,F,P,P,success,evil,
174,Ozan,Evil,Win,7,XShMH,SyWaO,M,Sh,Oz,P,F,F,P,P,success,evil,
174,Harrison,Good,Loss,7,XShMH,SyWaO,M,Sh,Oz,P,F,F,P,P,success,evil,
175,Xavier,Evil,Loss,7,MOzShSy,HWaX,Sh,M,H,F,P,P,F,P,fail,good,
175,Shreyas,Good,Win,7,MOzShSy,HWaX,Sh,M,H,F,P,P,F,P,fail,good,
175,Shruti,Good,Win,7,MOzShSy,HWaX,Sh,M,H,F,P,P,F,P,fail,good,
175,WillA,Evil,Loss,7,MOzShSy,HWaX,Sh,M,H,F,P,P,F,P,fail,good,
175,Matt,Good,Win,7,MOzShSy,HWaX,Sh,M,H,F,P,P,F,P,fail,good,
175,Ozan,Good,Win,7,MOzShSy,HWaX,Sh,M,H,F,P,P,F,P,fail,good,
175,Harrison,Evil,Loss,7,MOzShSy,HWaX,Sh,M,H,F,P,P,F,P,fail,good,
176,Shruti,Good,Loss,7,ShTOX,HSWa,Oz,Sh,S,P,F,F,P,F,N/a,evil,
176,WillA,Evil,Win,7,ShTOX,HSWa,Oz,Sh,S,P,F,F,P,F,N/a,evil,
176,Sam,Evil,Win,7,ShTOX,HSWa,Oz,Sh,S,P,F,F,P,F,N/a,evil,
176,Tejal,Good,Loss,7,ShTOX,HSWa,Oz,Sh,S,P,F,F,P,F,N/a,evil,
176,Harrison,Evil,Win,7,ShTOX,HSWa,Oz,Sh,S,P,F,F,P,F,N/a,evil,
176,Ozan,Good,Loss,7,ShTOX,HSWa,Oz,Sh,S,P,F,F,P,F,N/a,evil,
176,Xavier,Good,Loss,7,ShTOX,HSWa,Oz,Sh,S,P,F,F,P,F,N/a,evil,
177,Shruti,Good,Loss,7,ShSTX,WaHO,T,Sh,Oz,P,F,F,P,F,success,evil,
177,WillA,Evil,Win,7,ShSTX,WaHO,T,Sh,Oz,P,F,F,P,F,success,evil,
177,Sam,Good,Loss,7,ShSTX,WaHO,T,Sh,Oz,P,F,F,P,F,success,evil,
177,Tejal,Good,Loss,7,ShSTX,WaHO,T,Sh,Oz,P,F,F,P,F,success,evil,
177,Harrison,Evil,Win,7,ShSTX,WaHO,T,Sh,Oz,P,F,F,P,F,success,evil,
177,Ozan,Evil,Win,7,ShSTX,WaHO,T,Sh,Oz,P,F,F,P,F,success,evil,
177,Xavier,Good,Loss,7,ShSTX,WaHO,T,Sh,Oz,P,F,F,P,F,success,evil,
178,Shruti,Good,Win,7,ShSTX,WaHO,X,S,Wa,P,F,P,F,P,fail,good,
178,WillA,Evil,Loss,7,ShSTX,WaHO,X,S,Wa,P,F,P,F,P,fail,good,
178,Sam,Good,Win,7,ShSTX,WaHO,X,S,Wa,P,F,P,F,P,fail,good,
178,Tejal,Good,Win,7,ShSTX,WaHO,X,S,Wa,P,F,P,F,P,fail,good,
178,Harrison,Evil,Loss,7,ShSTX,WaHO,X,S,Wa,P,F,P,F,P,fail,good,
178,Ozan,Evil,Loss,7,ShSTX,WaHO,X,S,Wa,P,F,P,F,P,fail,good,
178,Xavier,Good,Win,7,ShSTX,WaHO,X,S,Wa,P,F,P,F,P,fail,good,
179,Shruti,Good,Loss,7,ShSHX,WaTO,X,S,T,P,F,F,P,P,success,evil,
179,WillA,Evil,Win,7,ShSHX,WaTO,X,S,T,P,F,F,P,P,success,evil,
179,Sam,Good,Loss,7,ShSHX,WaTO,X,S,T,P,F,F,P,P,success,evil,
179,Tejal,Evil,Win,7,ShSHX,WaTO,X,S,T,P,F,F,P,P,success,evil,
179,Harrison,Good,Loss,7,ShSHX,WaTO,X,S,T,P,F,F,P,P,success,evil,
179,Ozan,Evil,Win,7,ShSHX,WaTO,X,S,T,P,F,F,P,P,success,evil,
179,Xavier,Good,Loss,7,ShSHX,WaTO,X,S,T,P,F,F,P,P,success,evil,
180,Shruti,Evil,Win,7,STOW,ShHO,X,Wa,H,P,F,P,F,F,N/A,evil,
180,WillA,Good,Loss,7,STOW,ShHO,X,Wa,H,P,F,P,F,F,N/A,evil,
180,Sam,Good,Loss,7,STOW,ShHO,X,Wa,H,P,F,P,F,F,N/A,evil,
180,Tejal,Good,Loss,7,STOW,ShHO,X,Wa,H,P,F,P,F,F,N/A,evil,
180,Harrison,Evil,Win,7,STOW,ShHO,X,Wa,H,P,F,P,F,F,N/A,evil,
180,Ozan,Evil,Win,7,STOW,ShHO,X,Wa,H,P,F,P,F,F,N/A,evil,
180,Xavier,Good,Loss,7,STOW,ShHO,X,Wa,H,P,F,P,F,F,N/A,evil,
181,Shruti,Good,Loss,7,ShWaTX,SHO,Sh,T,H,P,F,F,P,P,success,evil,
181,WillA,Good,Loss,7,ShWaTX,SHO,Sh,T,H,P,F,F,P,P,success,evil,
181,Sam,Evil,Win,7,ShWaTX,SHO,Sh,T,H,P,F,F,P,P,success,evil,
181,Tejal,Good,Loss,7,ShWaTX,SHO,Sh,T,H,P,F,F,P,P,success,evil,
181,Harrison,Evil,Win,7,ShWaTX,SHO,Sh,T,H,P,F,F,P,P,success,evil,
181,Ozan,Evil,Win,7,ShWaTX,SHO,Sh,T,H,P,F,F,P,P,success,evil,
181,Xavier,Good,Loss,7,ShWaTX,SHO,Sh,T,H,P,F,F,P,P,success,evil,
182,Shruti,Good,Loss,7,ShHOX,WaST,H,Sh,Wa,F,F,P,P,P,success,evil,
182,WillA,Evil,Win,7,ShHOX,WaST,H,Sh,Wa,F,F,P,P,P,success,evil,
182,Sam,Evil,Win,7,ShHOX,WaST,H,Sh,Wa,F,F,P,P,P,success,evil,
182,Tejal,Evil,Win,7,ShHOX,WaST,H,Sh,Wa,F,F,P,P,P,success,evil,
182,Harrison,Good,Loss,7,ShHOX,WaST,H,Sh,Wa,F,F,P,P,P,success,evil,
182,Ozan,Good,Loss,7,ShHOX,WaST,H,Sh,Wa,F,F,P,P,P,success,evil,
182,Xavier,Good,Loss,7,ShHOX,WaST,H,Sh,Wa,F,F,P,P,P,success,evil,
183,Shruti,Good,Win,7,ShWaSO,THX,Sh,Oz,H,P,P,P,,,fail,good,
183,WillA,Good,Win,7,ShWaSO,THX,Sh,Oz,H,P,P,P,,,fail,good,
183,Sam,Good,Win,7,ShWaSO,THX,Sh,Oz,H,P,P,P,,,fail,good,
183,Tejal,Evil,Loss,7,ShWaSO,THX,Sh,Oz,H,P,P,P,,,fail,good,
183,Harrison,Evil,Loss,7,ShWaSO,THX,Sh,Oz,H,P,P,P,,,fail,good,
183,Ozan,Good,Win,7,ShWaSO,THX,Sh,Oz,H,P,P,P,,,fail,good,
183,Xavier,Evil,Loss,7,ShWaSO,THX,Sh,Oz,H,P,P,P,,,fail,good,
184,Shruti,Evil,Win,7,WaTHO,ShSX,Wa,T,Sh,P,F,F,P,F,N/A,evil,
184,WillA,Good,Loss,7,WaTHO,ShSX,Wa,T,Sh,P,F,F,P,F,N/A,evil,
184,Sam,Evil,Win,7,WaTHO,ShSX,Wa,T,Sh,P,F,F,P,F,N/A,evil,
184,Tejal,Good,Loss,7,WaTHO,ShSX,Wa,T,Sh,P,F,F,P,F,N/A,evil,
184,Harrison,Good,Loss,7,WaTHO,ShSX,Wa,T,Sh,P,F,F,P,F,N/A,evil,
184,Ozan,Good,Loss,7,WaTHO,ShSX,Wa,T,Sh,P,F,F,P,F,N/A,evil,
184,Xavier,Evil,Win,7,WaTHO,ShSX,Wa,T,Sh,P,F,F,P,F,N/A,evil,